Signature ID,Percent Overlap (P924_H_p),adj p-val (P924_H_p),Overlap (P924_H_p),Score (P924_H_p)
KEGG_ACUTE_MYELOID_LEUKEMIA,47.4,0.8130948993,STAT3|EIF4EBP1|NFKB1|SOS2|SOS1|ARAF|BAD|TCF7L2|RAF1|MTOR|RPS6KB1|STAT5A|STAT5B|MYC|PML|MAP2K1|IKBKB|AKT2|BRAF|AKT3|MAP2K2|IKBKG|TCF7L1|MAPK3|MAPK1|RUNX1|CHUK,-0.4212000072
KEGG_ADHERENS_JUNCTION,60.3,0.0078703704,SRC|PTPN1|CTNND1|LMO7|SMAD2|TCF7L2|TJP1|MAP3K7|BAIAP2|FARP2|ERBB2|SSX2IP|MET|IQGAP1|CREBBP|PTPRM|VCL|CTNNA1|CTNNB1|PARD3|WASF1|SMAD3|ACTN1|SNAI2|WASL|CDC42|SORBS1|TGFBR2|ACTB|EP300|ACTN2|NLK|CSNK2B|PTPRF|ACTN4|CSNK2A2|TCF7L1|MAPK3|RAC1|MAPK1|EGFR|FYN|CSNK2A1|WASF2,-3.9604001045
KEGG_ADIPOCYTOKINE_SIGNALING_PATHWAY,34.3,0.4675719341,STAT3|NFKB1|PRKAA1|CAMKK1|MTOR|PRKAA2|IRS2|RXRG|CAMKK2|IRS1|PRKAB1|ACSL3|ACSL4|IKBKB|AKT2|PTPN11|PRKAB2|AKT3|IKBKG|IRS4|CHUK|ADIPOR1|STK11,-1.3420000076
KEGG_ALDOSTERONE_REGULATED_SODIUM_REABSORPTION,23.8,0.0558292282,NEDD4L|PDPK1|IRS2|IRS1|ATP1A1|ATP1B3|MAPK3|MAPK1|IRS4|PRKCA,-2.782599926
KEGG_ALZHEIMERS_DISEASE,13.3,0.2146907216,ITPR3|BAD|EIF2AK3|SNCA|ITPR1|PLCB1|NDUFV3|PLCB4|PSEN2|ADAM17|GAPDH|APBB1|CDK5|PLCB3|CAPN2|GSK3B|ATP2A2|MAPK3|MAPK1|PSEN1|APH1A|ADAM10,-2.0443999767
KEGG_AMINO_SUGAR_AND_NUCLEOTIDE_SUGAR_METABOLISM,31.8,0.3865471141,UGDH|GPI|CYB5R3|PMM1|PGM1|UGP2|GALK2|PGM2|GFPT2|GFPT1|RENBP|NAGK|HK2|PGM3,-1.5038000345
KEGG_AMYOTROPHIC_LATERAL_SCLEROSIS_ALS,20.8,0.4553106826,MAPK14|ALS2|BAD|CCS|NEFH|DAXX|DERL1|RAB5A|GPX1|RAC1|MAP2K3,1.3360999823
KEGG_ANTIGEN_PROCESSING_AND_PRESENTATION,14.8,0.1581632653,HSP90AA1|HSP90AB1|HSPA4|HSPA8|PSME2|NFYA|HSPA1L|HLA-A|CD74|RFX5|CANX|TAP2|PSME3,-2.1547999382
KEGG_APOPTOSIS,25.3,0.7073333104,RIPK1|NFKB1|BAD|PRKAR2A|PRKAR2B|PRKAR1A|ATM|AIFM1|MYD88|BIRC2|CASP10|IKBKB|AKT2|AKT3|PRKAR1B|CAPN2|IRAK1|IL1RAP|PRKACA|IKBKG|DFFA|CHUK,0.7569000125
KEGG_ARRHYTHMOGENIC_RIGHT_VENTRICULAR_CARDIOMYOPATHY_ARVC,24.3,0.2827677977,LMNA|DSG2|TCF7L2|EMD|CTNNA1|CTNNB1|ACTN1|ACTB|ACTN2|ITGB5|ITGB1|ACTN4|ATP2A2|TCF7L1|DMD|ITGA4|SLC8A1|DAG1,-1.7397999763
KEGG_AXON_GUIDANCE,32.6,0.0078703704,PAK2|PAK1|PTK2|SRGAP2|NFATC2|EPHB4|ABLIM1|NFATC3|ARHGEF12|CFL1|SEMA6A|MET|SRGAP1|DPYSL2|NCK1|ABL1|PAK4|NCK2|LIMK2|ROCK2|PLXNC1|LIMK1|NFATC1|ROBO2|CDC42|ROBO1|ABLIM3|CDK5|ITGB1|GSK3B|EFNB3|PLXNA1|SEMA4C|ROCK1|MAPK3|RAC1|CFL2|EPHA2|MAPK1|FYN|EFNB1|NFAT5,-7.041200161
KEGG_BASAL_CELL_CARCINOMA,20,0.2686836758,GLI3|TCF7L2|SUFU|APC2|GLI2|APC|CTNNB1|AXIN1|GSK3B|TCF7L1|FZD6,-1.8487000465
KEGG_BASAL_TRANSCRIPTION_FACTORS,40,0.0430728692,GTF2I|TAF9|TAF6|TAF10|GTF2B|TAF9B|GTF2E2|GTF2F1|TAF2|TAF4B|GTF2IRD1|TAF7|TAF12|TAF6L,3.1366999149
KEGG_BASE_EXCISION_REPAIR,42.9,0.7442879908,HMGB1|XRCC1|POLD3|POLD2|MPG|LIG1|POLE|PARP4|PARP1|UNG|NEIL3|MBD4|POLE3|LIG3|NTHL1,-0.6122999787
KEGG_BLADDER_CANCER,38.1,0.0775519142,ARAF|RB1|RAF1|ERBB2|MYC|MAP2K1|MDM2|BRAF|E2F3|RASSF1|DAPK1|MAP2K2|MAPK3|MAPK1|E2F1|EGFR,-2.7513999939
KEGG_B_CELL_RECEPTOR_SIGNALING_PATHWAY,29.3,0.2073601163,NFKB1|SOS2|SOS1|JUN|NFATC2|RAF1|NFATC3|BCL10|MAP2K1|IKBKB|AKT2|NFATC1|AKT3|MAP2K2|GSK3B|IKBKG|MAPK3|RAC1|LYN|MAPK1|CHUK|NFAT5,-2.1333999634
KEGG_CALCIUM_SIGNALING_PATHWAY,21.3,0.0436456996,ITPR3|PLCG1|CAMK4|ATP2B1|ERBB2|ERBB3|PDE1C|ITPR1|ITPKB|PLCB1|SPHK2|PHKB|PLCB4|SLC25A5|P2RX7|ADCY3|SLC25A6|PHKA2|ADCY9|PLCB3|PLCD3|PRKACA|VDAC1|PTK2B|MYLK|ATP2A2|VDAC2|ATP2B4|CAMK2D|VDAC3|PRKCA|ITPKA|EGFR|SLC8A1|TBXA2R|PHKA1|F2R|CAMK2G,-3.393599987
KEGG_CELL_ADHESION_MOLECULES_CAMS,12,0.2059278351,ICAM1|CD276|PTPRM|NCAM1|CD99|MPZL1|MPZ|JAM3|PVR|HLA-A|ITGB1|SDC3|PTPRF|NEO1|ITGA4|F11R,-2.0669999123
KEGG_CELL_CYCLE,55.2,0.8585858586,PRKDC|SMC3|PKMYT1|ANAPC1|CDC25B|ESPL1|TTK|SMC1A|CHEK1|SMAD2|CDK7|MCM6|CDC23|CHEK2|RB1|CCNH|PTTG1|BUB1|ATM|SKP2|MCM4|STAG2|CREBBP|RBL2|DBF4|MYC|STAG1|MCM7|ORC2|CDC7|ATR|BUB1B|ABL1|CDC16|CDC25C|CCNE2|MDM2|MCM3|RBL1|YWHAZ|YWHAG|ORC1|WEE1|SMAD3|E2F3|CCNE1|CDC26|CDK1|PLK1|ANAPC5|FZR1|ANAPC2|EP300|CDC20|ZBTB17|SKP1|CDC6|GSK3B|MCM2|MAD1L1|CDK2|CCNB2|TFDP1|MCM5|TFDP2|BUB3|ORC6|E2F1|ANAPC4,-0.3675999939
KEGG_CHEMOKINE_SIGNALING_PATHWAY,25.9,0.0078703704,STAT3|NFKB1|PAK1|SOS2|STAT1|SOS1|PXN|PTK2|PREX1|GNG2|RAF1|STAT5B|CRK|BCAR1|FOXO3|PLCB1|GNG12|MAP2K1|ROCK2|IKBKB|AKT2|PLCB4|PARD3|BRAF|TIAM1|WASL|CDC42|PRKCD|ADCY3|AKT3|RAP1A|ADCY9|PLCB3|GSK3B|PRKACA|PTK2B|SHC1|IKBKG|CSK|ADCY6|ROCK1|GNB1|GNB2|MAPK3|RAC1|LYN|MAPK1|ARRB1|CHUK,-6.2470002174
KEGG_CHRONIC_MYELOID_LEUKEMIA,46.6,0.1227576771,NFKB1|SOS2|SOS1|ARAF|BAD|GAB2|RB1|RAF1|CBL|STAT5A|STAT5B|CRK|CBLB|MYC|MAP2K1|ABL1|MDM2|IKBKB|AKT2|PTPN11|SMAD3|BRAF|E2F3|AKT3|TGFBR2|MAP2K2|BCR|SHC1|IKBKG|MAPK3|MAPK1|RUNX1|E2F1|CHUK,-2.6026000977
KEGG_COLORECTAL_CANCER,41.9,0.0430728692,ARAF|BAD|JUN|SMAD2|TCF7L2|MSH6|RAF1|APC2|RALGDS|MLH1|MYC|APC|MAP2K1|AKT2|CTNNB1|SMAD3|BRAF|AKT3|TGFBR2|AXIN1|GSK3B|TCF7L1|MAPK3|RAC1|MAPK1|APPL1,-3.0229001045
KEGG_CYSTEINE_AND_METHIONINE_METABOLISM,32.4,0.1701588149,DNMT1|DNMT3B|GOT2|AHCYL2|MAT2A|LDHA|AHCYL1|MAT2B|DNMT3A|LDHB|APIP,-2.3138999939
KEGG_CYTOKINE_CYTOKINE_RECEPTOR_INTERACTION,6.4,0.0078703704,LTBR|MET|IFNAR1|IL17RA|TGFBR2|PLEKHO2|IFNGR1|IL1RAP|ACVR2A|RELT|IL10RB|OSMR|IL6ST|EGFR|IFNAR2|ACVR2B|TNFRSF21,-4.1842999458
KEGG_CYTOSOLIC_DNA_SENSING_PATHWAY,21.8,0.1701588149,RIPK1|NFKB1|POLR3C|MAVS|ADAR|POLR3G|POLR3D|IKBKB|TREX1|IKBKE|IKBKG|CHUK,2.3025999069
KEGG_DILATED_CARDIOMYOPATHY,16.7,0.1456797983,LMNA|EMD|ADCY3|ACTB|ITGB5|ADCY9|ITGB1|PRKACA|ATP2A2|ADCY6|TPM3|DMD|ITGA4|SLC8A1|DAG1,-2.3919000626
KEGG_DNA_REPLICATION,55.6,0.5225308462,RFC1|POLA1|RPA1|POLD3|POLD2|MCM6|PRIM2|LIG1|POLE|MCM4|MCM7|RPA2|MCM3|POLA2|RFC2|MCM2|POLE3|RFC3|MCM5|RNASEH1,1.1888999939
KEGG_DORSO_VENTRAL_AXIS_FORMATION,50,0.575201921,SOS2|SOS1|NOTCH2|SPIRE2|SPIRE1|ETV6|MAP2K1|CPEB1|MAPK3|ETS1|MAPK1|EGFR,-0.9876000285
KEGG_ENDOCYTOSIS,39.8,0.974808457,SRC|EHD4|SH3KBP1|RAB11FIP3|VPS37A|EPN1|USP8|ARFGAP1|NEDD4L|CHMP5|EHD1|ASAP1|EPN2|RAB11FIP5|ARFGAP3|CBL|ARAP1|RAB11FIP1|CBLB|ASAP3|ERBB3|DAB2|EEA1|CHMP4B|TFRC|EPS15|AGAP1|PIKFYVE|MET|PLD1|RAB5B|HSPA8|SMAP2|IQSEC1|VPS4A|CLTC|TSG101|CLTA|PIP5K1A|LDLRAP1|MDM2|RAB11A|PARD3|GIT2|ARFGAP2|RAB4A|RAB5A|ARAP3|ITCH|ASAP2|GIT1|FGFR4|RAB5C|HSPA1L|CDC42|DNM3|PDCD6IP|RABEP1|WWP1|HLA-A|AP2M1|PRKCI|SH3GL1|ACAP2|PARD6G|RAB11FIP2|CHMP2B|VPS4B|DNM1L|ARRB1|EGFR|F2R,-0.0612000003
KEGG_ENDOMETRIAL_CANCER,53.8,0.0736738703,SOS2|SOS1|ARAF|BAD|PDPK1|TCF7L2|RAF1|APC2|ERBB2|MLH1|ILK|MYC|APC|FOXO3|ELK1|MAP2K1|CTNNA1|AKT2|CTNNB1|BRAF|AKT3|MAP2K2|AXIN1|GSK3B|TCF7L1|MAPK3|MAPK1|EGFR,-3.138999939
KEGG_EPITHELIAL_CELL_SIGNALING_IN_HELICOBACTER_PYLORI_INFECTION,38.2,0.1981435958,NFKB1|PLCG1|SRC|PAK1|MAPK14|JUN|TJP1|MET|IKBKB|PTPN11|ADAM17|MAP2K4|GIT1|CDC42|JAM3|ATP6V1A|ATP6V0A2|IKBKG|CSK|PTPRZ1|RAC1|LYN|EGFR|CHUK|ADAM10|F11R,-2.1614999771
KEGG_ERBB_SIGNALING_PATHWAY,50.6,0.0348617833,EIF4EBP1|PAK2|PLCG1|SRC|PAK1|SOS2|SOS1|ARAF|BAD|PTK2|JUN|ABL2|RAF1|CBL|MTOR|RPS6KB1|STAT5A|STAT5B|CRK|CBLB|ERBB2|ERBB3|MYC|MAP2K7|ELK1|NCK1|MAP2K1|ABL1|PAK4|NCK2|AKT2|GAB1|BRAF|MAP2K4|AKT3|MAP2K2|GSK3B|SHC1|CAMK2D|MAPK3|MAPK1|PRKCA|EGFR|CAMK2G,-3.4161999226
KEGG_FC_EPSILON_RI_SIGNALING_PATHWAY,29.1,0.1444450039,PLCG1|SOS2|MAPK14|SOS1|PLA2G4A|GAB2|PDPK1|RAF1|PRKCE|MAP2K7|MAP2K1|AKT2|MAP2K4|PRKCD|AKT3|MAP2K2|MAPK3|RAC1|LYN|MAPK1|PRKCA|MAP2K3|FYN,-2.5164999962
KEGG_FC_GAMMA_R_MEDIATED_PHAGOCYTOSIS,40.6,0.0078703704,PLCG1|MARCKSL1|PAK1|VASP|PLA2G4A|GAB2|ASAP1|RAF1|RPS6KB1|MYO10|CRK|ARPC1B|ASAP3|CFL1|PIKFYVE|PLD1|PRKCE|SPHK2|MAP2K1|PIP5K1A|LIMK2|AKT2|LIMK1|WASF1|ASAP2|WASL|CDC42|PRKCD|DNM3|AKT3|ARPC5L|MAPK3|RAC1|CFL2|LYN|DNM1L|MAPK1|PRKCA|WASF2,-4.1434001923
KEGG_FOCAL_ADHESION,32.2,0.0078703704,FLNA|PAK2|SRC|PAK1|SOS2|VASP|ZYX|SOS1|ARHGAP5|PXN|BAD|PTK2|PDPK1|JUN|RAF1|CRK|FLNB|ERBB2|BCAR1|TLN1|MET|ILK|ARHGAP35|ELK1|BIRC2|VCL|PPP1CB|MAP2K1|PAK4|ROCK2|AKT2|CTNNB1|PPP1R12A|BRAF|ACTN1|DOCK1|MYL9|CDC42|AKT3|ACTB|RAPGEF1|ACTN2|ITGB5|RAP1A|ITGB1|CAPN2|PPP1CA|PARVB|GSK3B|ACTN4|MYLK|SHC1|ROCK1|MAPK3|RAC1|MAPK1|CAV2|ITGA4|DIAPH1|PARVA|TLN2|PRKCA|EGFR|FYN,-5.1943998337
KEGG_FRUCTOSE_AND_MANNOSE_METABOLISM,41.2,0.0256147541,PFKFB3|TPI1|PFKFB4|PMM1|MTMR6|ALDOA|ALDOC|PFKFB2|PFKP|PFKM|AKR1B1|MTMR2|PFKL|HK2,3.2184000015
KEGG_GAP_JUNCTION,30,0.0751104566,ITPR3|SRC|SOS2|SOS1|TJP1|RAF1|TUBB|ITPR1|PLCB1|CSNK1D|MAP2K1|PLCB4|TUBA1C|MAP3K2|CDK1|ADCY3|ADCY9|PLCB3|MAP2K2|PRKACA|ADCY6|MAPK3|TUBA4A|MAPK1|PRKCA|TUBB4B|EGFR,-3.0323998928
KEGG_GLIOMA,33.8,0.1107462998,PLCG1|SOS2|SOS1|ARAF|RB1|RAF1|MTOR|MAP2K1|MDM2|AKT2|BRAF|E2F3|AKT3|MAP2K2|SHC1|CAMK2D|MAPK3|MAPK1|PRKCA|E2F1|EGFR|CAMK2G,-2.7298998833
KEGG_GLUTATHIONE_METABOLISM,20,0.9344713446,GSTO1|GGT7|GCLC|RRM2|RRM1|LAP3|GSR|GPX1|GGCT|GSS,0.1569000036
KEGG_GLYCEROPHOSPHOLIPID_METABOLISM,15.6,0.0806604669,PCYT2|PLA2G4A|PLD1|PCYT1A|LPCAT2|PTDSS1|DGKD|GPD2|MBOAT2|PTDSS2|CDS2|DGKH,-2.9075000286
KEGG_GLYCOLYSIS_GLUCONEOGENESIS,30.6,0.1215729965,TPI1|GPI|PGK1|PDHA1|PGM1|ENO1|ACSS2|ALDOA|ALDOC|PGAM1|PFKP|GAPDH|LDHA|PFKM|PGM2|PFKL|ENO2|LDHB|HK2,-2.540899992
KEGG_GNRH_SIGNALING_PATHWAY,35.6,0.0078703704,ITPR3|SRC|SOS2|MAPK14|SOS1|PLA2G4A|JUN|RAF1|PLD1|ITPR1|PLCB1|MAP2K7|ELK1|MAP2K1|MAP3K3|MAP3K4|PLCB4|MAP2K4|MAP3K2|CDC42|PRKCD|ADCY3|ADCY9|PLCB3|MAP2K2|PRKACA|MAP3K1|PTK2B|ADCY6|CAMK2D|MAPK3|MAPK1|PRKCA|MAP2K3|EGFR|CAMK2G,-4.7589998245
KEGG_HEDGEHOG_SIGNALING_PATHWAY,17.9,0.4806307085,GLI3|SUFU|GLI2|CSNK1D|CSNK1A1|GSK3B|RAB23|LRP2|PRKACA|CSNK1E,-1.2518999577
KEGG_HOMOLOGOUS_RECOMBINATION,39.3,0.2886815387,NBN|RPA1|POLD3|POLD2|BLM|RAD51C|RPA2|BRCA2|EME1|RAD50|MUS81,1.6941000223
KEGG_HUNTINGTONS_DISEASE,14.8,0.3873203109,SIN3A|DCTN2|RCOR1|HTT|CREBBP|ITPR1|PLCB1|CLTC|CLTA|NDUFV3|TAF4B|PLCB4|POLR2C|SLC25A5|NRF1|SLC25A6|POLR2A|EP300|DCTN4|PLCB3|AP2M1|GPX1|VDAC1|CREB3L2|VDAC2|VDAC3|REST,-1.5491000414
KEGG_HYPERTROPHIC_CARDIOMYOPATHY_HCM,18.1,0.7322846222,LMNA|PRKAA1|EMD|PRKAA2|PRKAB1|PRKAB2|ACTB|ITGB5|ITGB1|ATP2A2|TPM3|DMD|ITGA4|SLC8A1|DAG1,-0.6370000243
KEGG_INOSITOL_PHOSPHATE_METABOLISM,35.2,0.8198377977,PLCG1|PIK3C2A|PI4KA|INPPL1|TPI1|PI4KB|SYNJ1|PIKFYVE|ITPKB|PLCB1|PIP5K1A|SYNJ2|INPP4A|PLCB4|PIK3C3|PLCB3|PLCD3|PIK3C2B|ITPKA,0.426699996
KEGG_INSULIN_SIGNALING_PATHWAY,47.4,0.5037372862,ACACA|EIF4EBP1|FASN|PTPN1|SOS2|TSC1|MKNK1|PRKAA1|SOS1|ARAF|BAD|PRKAR2A|PDPK1|TSC2|RPTOR|RAF1|CBL|MTOR|RPS6KB1|PRKAR2B|PRKAA2|CRK|IRS2|CBLB|PRKAR1A|TRIP10|IRS1|FLOT1|PDE3A|RPS6|ELK1|PRKAB1|PPP1CB|PHKB|MAP2K1|IKBKB|PDE3B|AKT2|FOXO1|PRKAB2|BRAF|PYGB|SH2B2|EIF4E2|AKT3|SORBS1|PRKAR1B|RAPGEF1|PHKA2|PPP1R3D|PPP1CA|MAP2K2|GSK3B|PRKCI|PTPRF|PRKACA|SHC1|LIPE|MAPK3|GYS1|MAPK1|EXOC7|IRS4|HK2|PHKA1,-1.2542999983
KEGG_JAK_STAT_SIGNALING_PATHWAY,18.1,0.1701588149,STAT3|SOS2|STAT1|SOS1|CBL|STAT5A|STAT5B|CBLB|CREBBP|MYC|SPRY4|AKT2|PTPN11|SPRY1|IFNAR1|AKT3|SPRED1|EP300|SPRED2|IFNGR1|IL10RB|OSMR|IL6ST|PIAS1|PIAS2|IFNAR2|SPRY2|TYK2,-2.2165999413
KEGG_LEISHMANIA_INFECTION,22.2,0.3897109973,NFKB1|MARCKSL1|MAPK14|STAT1|TAB2|JUN|MAP3K7|MYD88|ELK1|ITGB1|IRAK1|IFNGR1|MAPK3|MAPK1|TAB1|ITGA4,1.470600009
KEGG_LEUKOCYTE_TRANSENDOTHELIAL_MIGRATION,28.4,0.1161202186,PLCG1|VASP|MAPK14|ARHGAP5|PXN|PTK2|CTNND1|ICAM1|BCAR1|ARHGAP35|VCL|SIPA1|CTNNA1|ROCK2|PTPN11|CTNNB1|CD99|ACTN1|MYL9|CDC42|JAM3|ACTB|ACTN2|RAP1A|ITGB1|ACTN4|PTK2B|MSN|ROCK1|RAC1|ITGA4|PRKCA|F11R,-2.7339000702
KEGG_LONG_TERM_DEPRESSION,22.9,0.3564079953,ITPR3|ARAF|PLA2G4A|RAF1|ITPR1|PLCB1|MAP2K1|PLCB4|BRAF|PPP2CB|PLCB3|MAP2K2|MAPK3|LYN|MAPK1|PRKCA,-1.543900013
KEGG_LONG_TERM_POTENTIATION,37.1,0.0585924037,ITPR3|CAMK4|ARAF|RAF1|RPS6KA1|RPS6KA3|CREBBP|ITPR1|PLCB1|PPP1CB|MAP2K1|PLCB4|PPP1R12A|BRAF|EP300|RAP1A|PLCB3|PPP1CA|MAP2K2|RPS6KA2|PRKACA|CAMK2D|MAPK3|MAPK1|PRKCA|CAMK2G,-3.4409000874
KEGG_LYSINE_DEGRADATION,36.4,0.4396551724,AASDHPPT|SETMAR|DOT1L|SETD1B|AASDH|EHMT1|NSD1|EHHADH|ASH1L|SETD2|SUV39H1|SETD1A|EHMT2|SETDB1|HADHA|SUV39H2,1.3494000435
KEGG_LYSOSOME,12.4,0.2204403514,HGSNAT|GGA3|AP3D1|AP3B1|CLTC|IGF2R|GGA2|CLTA|AP3S1|SORT1|ATP6V0A2|AP3B2|CLN3|AP1M1|MCOLN1,-2.0373001099
KEGG_MAPK_SIGNALING_PATHWAY,31.5,0.4158318968,FLNA|HSPB1|PAK2|NFKB1|RPS6KA4|PAK1|SOS2|STMN1|MKNK1|RELB|MAPK14|SOS1|JUND|ATF2|CDC25B|PLA2G4A|STK4|TAB2|JUN|NFATC2|RAF1|MAP4K4|MAP3K7|MAPKAPK5|NF1|CRK|FLNB|DUSP16|RPS6KA1|RPS6KA3|TAOK2|MAP3K11|ELK4|HSPA8|MYC|STK3|MAP2K7|GNG12|ELK1|MAP4K2|DUSP6|MAP2K1|MAP3K3|IKBKB|MAP3K4|AKT2|TAOK1|MAP3K12|DAXX|BRAF|MAP2K4|MAP3K2|FGFR4|DUSP9|HSPA1L|NR4A1|MEF2C|CDC42|AKT3|MAPK8IP3|TGFBR2|FGF13|RAP1A|NLK|MAP2K2|RAPGEF2|RPS6KA2|PRKACA|MAP3K1|IKBKG|SRF|MAP4K3|MAPK3|RAC1|MAP3K6|MAPK1|TAB1|ARRB1|PRKCA|PPM1B|MAP2K3|EGFR|CHUK|RRAS2,-1.4867999554
KEGG_MELANOGENESIS,23.8,0.0078703704,TCF7L2|RAF1|MITF|CREBBP|PLCB1|MAP2K1|PLCB4|CTNNB1|ADCY3|EP300|ADCY9|PLCB3|MAP2K2|GSK3B|PRKACA|CREB3L2|TCF7L1|ADCY6|FZD6|CAMK2D|MAPK3|MAPK1|PRKCA|CAMK2G,-5.6413002014
KEGG_MELANOMA,25.4,0.1536144578,ARAF|BAD|RB1|RAF1|MITF|MET|MAP2K1|MDM2|AKT2|BRAF|E2F3|AKT3|FGF13|MAP2K2|MAPK3|MAPK1|E2F1|EGFR,-2.4579000473
KEGG_MISMATCH_REPAIR,52.2,0.0623572072,RFC1|EXO1|RPA1|POLD3|POLD2|MSH6|PMS2|LIG1|MLH1|RPA2|RFC2|RFC3,3.386300087
KEGG_MTOR_SIGNALING_PATHWAY,46.2,0.585714652,EIF4B|EIF4EBP1|TSC1|PRKAA1|ULK1|PDPK1|TSC2|RPTOR|MTOR|RPS6KB1|PRKAA2|RPS6KA1|RPS6KA3|RICTOR|RPS6|AKT2|BRAF|EIF4E2|ULK2|AKT3|RPS6KA2|MAPK3|MAPK1|STK11,0.9860000014
KEGG_NATURAL_KILLER_CELL_MEDIATED_CYTOTOXICITY,20.4,0.540969619,PLCG1|PAK1|SOS2|SOS1|ARAF|NFATC2|ICAM1|RAF1|SH3BP2|NFATC3|MAP2K1|PTPN11|BRAF|NFATC1|IFNAR1|HLA-A|MAP2K2|IFNGR1|LCK|PTK2B|SHC1|MAPK3|RAC1|MAPK1|PRKCA|FYN|IFNAR2|NFAT5,-1.1224000454
KEGG_NEUROTROPHIN_SIGNALING_PATHWAY,44.4,0.0078703704,NFKB1|PLCG1|RPS6KA4|SOS2|MAPK14|CAMK4|SOS1|BAD|PDPK1|JUN|RAF1|CRK|IRS2|RPS6KA1|RPS6KA3|KIDINS220|SH2B1|IRS1|FOXO3|MAP2K7|FRS2|MAP2K1|RIPK2|ABL1|ARHGDIA|MAP3K3|IKBKB|AKT2|PTPN11|YWHAZ|YWHAG|GAB1|BRAF|SH2B2|CDC42|SH2B3|PRKCD|AKT3|RAPGEF1|RAP1A|IRAK1|MAP2K2|RPS6KA2|GSK3B|MAP3K1|SORT1|SHC1|CSK|MAGED1|CAMK2D|MAPK3|RAC1|MAPK1|PSEN1|IRS4|CAMK2G,-5.9444999695
KEGG_NOD_LIKE_RECEPTOR_SIGNALING_PATHWAY,29,0.7442879908,TNFAIP3|NFKB1|HSP90AA1|TAB3|MAPK14|TAB2|HSP90AB1|MAP3K7|SUGT1|TRIP6|BIRC2|RIPK2|IKBKB|IKBKG|MAPK3|MAPK1|TAB1|CHUK,0.5884000063
KEGG_NON_SMALL_CELL_LUNG_CANCER,44.4,0.6594123984,PLCG1|SOS2|SOS1|ARAF|STK4|BAD|PDPK1|RB1|RAF1|RXRG|ERBB2|FOXO3|MAP2K1|AKT2|BRAF|E2F3|RASSF1|AKT3|MAP2K2|MAPK3|MAPK1|PRKCA|E2F1|EGFR,-0.7922999859
KEGG_NOTCH_SIGNALING_PATHWAY,36.2,0.5719027541,SNW1|NUMBL|NCOR2|MAML2|DTX3L|NOTCH2|CREBBP|DLL3|NUMB|PSEN2|ADAM17|MAML1|EP300|KAT2B|PSEN1|APH1A|DTX2,0.9926999807
KEGG_NUCLEOTIDE_EXCISION_REPAIR,52.3,0.7442879908,RFC1|ERCC6|RPA1|CDK7|POLD3|POLD2|CCNH|LIG1|POLE|RAD23B|RPA2|ERCC3|MNAT1|CUL4A|ERCC5|XPC|RFC2|POLE3|DDB2|CUL4B|RFC3|CETN2|RAD23A,0.5850999951
KEGG_OOCYTE_MEIOSIS,40.7,0.2224059615,ITPR3|SMC3|PKMYT1|ANAPC1|ESPL1|SMC1A|CDC23|PTTG1|BUB1|RPS6KA1|RPS6KA3|ITPR1|PPP2R5D|PPP1CB|MAP2K1|CDC16|CDC25C|CCNE2|SLK|YWHAZ|YWHAG|PPP2CB|CCNE1|PPP2R5A|CDC26|CDK1|PLK1|ANAPC5|ADCY3|CPEB1|ANAPC2|CDC20|ADCY9|PPP1CA|SKP1|RPS6KA2|PRKACA|CDK2|ADCY6|CCNB2|CAMK2D|MAPK3|MAPK1|ANAPC4|PPP2R5C|CAMK2G,-2.0292999744
KEGG_P53_SIGNALING_PATHWAY,23.5,0.0348617833,GTSE1|CHEK1|TSC2|CHEK2|ATM|ATR|CCNE2|MDM2|RRM2|CCNE1|CDK1|MDM4|DDB2|CDK2|CCNB2|EI24,3.2801001072
KEGG_PANCREATIC_CANCER,42.9,0.2252252252,STAT3|NFKB1|STAT1|ARAF|BAD|SMAD2|RB1|RAF1|ERBB2|RALGDS|PLD1|MAP2K1|IKBKB|AKT2|BRCA2|SMAD3|BRAF|E2F3|CDC42|AKT3|TGFBR2|RALBP1|ARHGEF6|IKBKG|MAPK3|RAC1|MAPK1|E2F1|EGFR|CHUK,-1.99150002
KEGG_PATHOGENIC_ESCHERICHIA_COLI_INFECTION,39.3,0.0078703704,ARHGEF2|NCL|ARPC1B|TUBB|NCK1|ABL1|NCK2|ROCK2|CTNNB1|YWHAZ|TUBA1C|WASL|CDC42|ACTB|ARPC5L|ITGB1|ROCK1|TUBA4A|PRKCA|TUBB4B|FYN|CTTN,-4.9675998688
KEGG_PATHWAYS_IN_CANCER,29.2,0.1330738952,STAT3|NFKB1|PLCG1|CCDC6|HSP90AA1|SOS2|STAT1|SOS1|ARAF|STK4|BAD|PTK2|JUN|GLI3|SMAD2|TCF7L2|RB1|MSH6|RAF1|SUFU|CBL|HSP90AB1|MITF|MTOR|APC2|STAT5A|STAT5B|CRK|GLI2|RXRG|CBLB|CKS1B|ERBB2|SKP2|TFG|RALGDS|TPR|MLH1|MET|PLD1|CREBBP|MYC|APC|PML|BIRC2|MAP2K1|ABL1|CCNE2|MDM2|CTNNA1|IKBKB|AKT2|FOXO1|BRCA2|CTNNB1|TRAF1|SMAD3|BRAF|E2F3|TRAF3|CCNE1|EGLN1|CDC42|RASSF1|AKT3|TGFBR2|DAPK1|FGF13|EP300|RALBP1|ITGB1|MAP2K2|AXIN1|ARNT|GSK3B|BCR|IKBKG|CDK2|TCF7L1|FZD6|EGLN2|TRAF4|TPM3|MAPK3|RAC1|PIAS1|ETS1|MAPK1|RUNX1|APPL1|PIAS2|PRKCA|E2F1|EGFR|CHUK,-2.5606000423
KEGG_PENTOSE_PHOSPHATE_PATHWAY,40.7,0.4230513996,TKT|GPI|PGLS|PGM1|ALDOA|ALDOC|PFKP|PFKM|PGM2|PFKL|TALDO1,1.4581999779
KEGG_PEROXISOME,17.9,0.974808457,PEX19|ABCD3|EHHADH|PEX1|ACSL3|AGPS|ACSL4|PEX5|PEX14|ACOX1|HACL1|HSD17B4|PEX16|DECR2,-0.0592
KEGG_PHOSPHATIDYLINOSITOL_SIGNALING_SYSTEM,31.6,0.7509169798,ITPR3|PLCG1|PIK3C2A|PI4KA|INPPL1|PI4KB|SYNJ1|PIKFYVE|ITPR1|ITPKB|PLCB1|PIP5K1A|SYNJ2|INPP4A|PLCB4|PIK3C3|PLCB3|PLCD3|DGKD|PIK3C2B|PRKCA|ITPKA|CDS2|DGKH,-0.5889000297
KEGG_PPAR_SIGNALING_PATHWAY,14.5,0.3316781586,PDPK1|RXRG|DBI|EHHADH|ILK|ACSL3|ACSL4|SORBS1|ACOX1|SCD,1.7233999968
KEGG_PROGESTERONE_MEDIATED_OOCYTE_MATURATION,43.5,0.2972164711,PKMYT1|HSP90AA1|ANAPC1|MAPK14|CDC25B|ARAF|CDC23|RAF1|HSP90AB1|BUB1|RPS6KA1|RPS6KA3|PDE3A|MAP2K1|CDC16|CDC25C|PDE3B|AKT2|BRAF|CDC26|CDK1|PLK1|ANAPC5|ADCY3|FZR1|AKT3|CPEB1|ANAPC2|ADCY9|RPS6KA2|PRKACA|CDK2|ADCY6|CCNB2|MAPK3|MAPK1|ANAPC4,-1.7946000099
KEGG_PROSTATE_CANCER,41.6,0.0348617833,NFKB1|HSP90AA1|SOS2|SOS1|ARAF|BAD|PDPK1|TCF7L2|RB1|RAF1|HSP90AB1|MTOR|ERBB2|CREBBP|MAP2K1|CCNE2|MDM2|IKBKB|AKT2|FOXO1|CTNNB1|BRAF|E2F3|CCNE1|AKT3|EP300|MAP2K2|GSK3B|IKBKG|CDK2|CREB3L2|TCF7L1|MAPK3|MAPK1|E2F1|EGFR|CHUK,-3.4876999855
KEGG_PROTEASOME,41.3,0.5829039552,PSMD4|PSMA4|PSMD11|PSMA5|PSMA7|PSMD14|PSMB1|PSMD8|PSMC1|PSMA2|PSME4|PSMC3|PSMC6|PSME2|PSMB6|PSMD1|PSMD2|PSME3|PSMD3,0.9882000089
KEGG_PURINE_METABOLISM,28.3,0.7578940896,POLR1A|POLR1E|POLR3C|POLA1|POLD3|POLD2|AMPD2|IMPDH2|PRIM2|PAICS|DGUOK|POLE|PFAS|PDE1C|PDE4D|POLR3G|PDE3A|PDE7A|APRT|POLR3D|RRM2|PDE3B|PDE4A|RRM1|POLA2|POLR2C|NME1|GART|PNP|ADCY3|POLR2A|ADCY9|GMPS|NT5C2|PDE8A|ADSL|POLE3|IMPDH1|ADCY6|NT5C|DCK|PDE4B|NUDT5|PDE5A|NME2,-0.5249000192
KEGG_PYRIMIDINE_METABOLISM,31.6,0.4319990544,POLR1A|POLR1E|POLR3C|UMPS|UCK1|POLA1|CAD|POLD3|POLD2|PRIM2|POLE|DUT|POLR3G|CTPS2|POLR3D|RRM2|RRM1|POLA2|POLR2C|NME1|PNP|POLR2A|NT5C2|UCKL1|TYMS|UPP1|POLE3|NT5C|DCK|CTPS1|NME2,1.4024000168
KEGG_REGULATION_OF_ACTIN_CYTOSKELETON,38,0.0078703704,PAK2|PAK1|SOS2|SOS1|MYH10|ARAF|FGD1|PXN|PTK2|RAF1|ARHGEF7|ABI2|BAIAP2|APC2|CRK|ARPC1B|PFN1|SSH1|SSH2|BCAR1|ARHGEF12|CFL1|PIKFYVE|ENAH|IQGAP1|APC|ARHGAP35|MYH9|CYFIP2|GNG12|VCL|PPP1CB|MYH14|MAP2K1|PIP5K1A|PAK4|LIMK2|ROCK2|LIMK1|PPP1R12A|WASF1|BRAF|TIAM1|ACTN1|GIT1|FGFR4|WASL|DOCK1|MYL9|CDC42|IQGAP3|ACTB|FGF13|ARHGEF1|SSH3|ACTN2|ITGB5|ARPC5L|ITGB1|PPP1CA|MAP2K2|CYFIP1|ACTN4|ARHGEF6|MYLK|CSK|DIAPH3|SLC9A1|IQGAP2|MSN|ROCK1|MAPK3|RAC1|CFL2|MAPK1|ITGA4|DIAPH1|EGFR|RRAS2|WASF2|F2R,-9.0300998688
KEGG_RENAL_CELL_CARCINOMA,42.9,0.0078703704,PAK2|PAK1|SOS2|SOS1|ARAF|JUN|RAF1|CRK|MET|CREBBP|MAP2K1|FLCN|PAK4|AKT2|PTPN11|GAB1|BRAF|EGLN1|CDC42|AKT3|RAPGEF1|EP300|RAP1A|MAP2K2|ARNT|EGLN2|MAPK3|RAC1|ETS1|MAPK1,-5.9794001579
KEGG_RIBOSOME,48.9,0.0751104566,RPS10|RPL30|RPL13|RPS23|RPL29|RPS9|RPS16|RPS2|RPL3|RPL23|RPL18A|RPL24|RPLP2|RPS28|RPL12|RPS29|RPS13|RPS20|FAU|RPS27|RPL7|RPS17|RPS6|RPS26|RPL4|RPS4X|RPL23A|RPL27A|RPL18|RPL21|RPSA|RPS3|RPL15|RPL19|RPL26|RPS5|RPS7|RPL31|RPLP0|RPS3A|RPL5|RPS8|RPL17,2.932199955
KEGG_RIG_I_LIKE_RECEPTOR_SIGNALING_PATHWAY,31,0.2059278351,CYLD|DDX3X|RIPK1|NFKB1|TANK|MAPK14|DDX3Y|MAVS|TRIM25|MAP3K7|AZI2|CASP10|IKBKB|TBKBP1|TRAF3|IFIH1|PIN1|IKBKE|MAP3K1|OTUD5|IKBKG|CHUK,2.0636000633
KEGG_RNA_DEGRADATION,42.4,0.2304112111,PARN|EDC4|DCP2|PAPOLG|DCP1B|MPHOSPH6|PATL1|CNOT2|DCP1A|EXOSC10|LSM7|ZCCHC7|XRN2|HSPD1|ENO1|XRN1|PAPOLA|HSPA9|EDC3|CNOT4|EXOSC2|ENO2|EXOSC9|CNOT3|EXOSC4,1.9225000143
KEGG_SMALL_CELL_LUNG_CANCER,28.6,0.1581632653,NFKB1|PTK2|RB1|RXRG|CKS1B|SKP2|MYC|BIRC2|CCNE2|IKBKB|AKT2|TRAF1|E2F3|TRAF3|CCNE1|AKT3|ITGB1|IKBKG|CDK2|TRAF4|PIAS1|PIAS2|E2F1|CHUK,-2.1050999165
KEGG_SNARE_INTERACTIONS_IN_VESICULAR_TRANSPORT,42.1,0.925,STX10|SNAP23|STX8|VAMP7|BET1|SEC22B|BET1L|VAMP2|STX4|YKT6|VTI1B|STX7|STX6|VTI1A|STX12|STX16,-0.1565999985
KEGG_SPLICEOSOME,61.4,0.7442879908,HNRNPA1L2|HNRNPA3|WBP11|HNRNPM|HNRNPK|CDC5L|ACIN1|PPIL1|TRA2A|U2SURP|SRSF7|RBM17|PRPF40A|ALYREF|SNW1|HNRNPU|RBMX|PCBP1|PQBP1|SF3A1|SF3B2|DDX39B|SMNDC1|THOC2|SNRPA|RBM25|SNRPA1|DDX5|CHERP|PRPF3|THOC1|LSM7|SRSF9|SRSF8|EFTUD2|SRSF10|HSPA8|TRA2B|DHX38|U2AF2|CDC40|SF3B3|DDX23|PRPF8|SNRPD2|THOC3|SRSF2|SNRNP200|NCBP2|SRSF1|HSPA1L|SF3B1|SRSF4|PRPF31|TCERG1|SRSF3|PUF60|PRPF40B|SART1|SF3A2|MAGOHB|EIF4A3|RBM8A|PRPF4|DHX8|PRPF38B|HNRNPC|PRPF6|DHX16|HNRNPA1|USP39|DHX15|U2AF1|SNRNP70|NCBP1|SLU7|CTNNBL1|SRSF6,-0.575699985
KEGG_TGF_BETA_SIGNALING_PATHWAY,24.4,0.0691014776,ZFYVE16|ZFYVE9|SMAD2|RPS6KB1|CREBBP|RBL2|MYC|ROCK2|RBL1|SMAD3|PPP2CB|ID4|TGFBR2|EP300|SKP1|ACVR2A|ROCK1|TFDP1|MAPK3|MAPK1|ACVR2B,-2.9862999916
KEGG_THYROID_CANCER,48.3,0.5400586174,CCDC6|TCF7L2|RXRG|TFG|TPR|MYC|MAP2K1|CTNNB1|BRAF|MAP2K2|TCF7L1|TPM3|MAPK3|MAPK1,-1.1125999689
KEGG_TIGHT_JUNCTION,37.9,0.0078703704,SYMPK|SRC|TJAP1|MYH10|AMOTL1|TJP1|EPB41L2|EXOC3|RAB13|PRKCH|TJP2|PPP2R2A|ASH1L|EPB41L3|MYH9|PRKCE|MPDZ|EPB41|EXOC4|MYH14|CTNNA1|CASK|AKT2|EPB41L1|CTNNB1|PARD3|PPP2CB|ACTN1|VAPA|MYL9|LLGL1|CDC42|JAM3|CGN|PRKCD|AKT3|MAGI3|ACTB|ACTN2|CSNK2B|PRKCI|PARD6G|ACTN4|CSNK2A2|PRKCA|SPTAN1|CTTN|CSNK2A1|RRAS2|F11R,-8.3375997543
KEGG_TOLL_LIKE_RECEPTOR_SIGNALING_PATHWAY,27.5,0.6294540497,RIPK1|NFKB1|MAPK14|STAT1|TAB2|JUN|MAP3K7|MYD88|MAP2K7|MAP2K1|IKBKB|AKT2|MAP2K4|TRAF3|IFNAR1|AKT3|TICAM1|IRAK1|MAP2K2|IKBKE|IKBKG|MAPK3|RAC1|MAPK1|TAB1|MAP2K3|CHUK|IFNAR2,-0.8718000054
KEGG_TYPE_II_DIABETES_MELLITUS,21.3,0.0078703704,MTOR|IRS2|IRS1|PRKCE|IKBKB|PRKCD|MAPK3|MAPK1|IRS4|HK2,-5.065100193
KEGG_T_CELL_RECEPTOR_SIGNALING_PATHWAY,34.3,0.1433054936,PAK2|NFKB1|PLCG1|PAK1|SOS2|MAPK14|SOS1|PDPK1|JUN|NFATC2|RAF1|CBL|MAP3K7|CBLB|NFATC3|BCL10|MAP2K7|NCK1|MAP2K1|PAK4|NCK2|IKBKB|AKT2|DLG1|NFATC1|GRAP2|CDC42|AKT3|MAP2K2|GSK3B|LCK|IKBKG|MAPK3|MAPK1|FYN|CHUK|NFAT5,-2.3373000622
KEGG_UBIQUITIN_MEDIATED_PROTEOLYSIS,37,0.1131541726,HUWE1|ANAPC1|NEDD4L|UBE3A|CUL7|UBE4B|CDC23|UBE4A|UBA1|CBL|BIRC6|CBLB|TRIP12|SKP2|BRCA1|UBE2O|HERC1|UBR5|PML|BIRC2|CDC16|MDM2|HERC2|UBA6|CUL3|CUL4A|ITCH|SAE1|CDC26|STUB1|ANAPC5|MID1|FZR1|ANAPC2|WWP1|CDC20|UBE3C|SKP1|MAP3K1|UBE2E2|WWP2|UBE2J1|DDB2|CUL4B|UBE2E3|PIAS1|TRIM32|PIAS2|MGRN1|ANAPC4,-2.6400001049
KEGG_VASCULAR_SMOOTH_MUSCLE_CONTRACTION,29.6,0.0078703704,ITPR3|ARAF|PLA2G4A|CALD1|RAF1|ARHGEF12|PRKCH|ITPR1|PLCB1|PRKCE|PPP1CB|MAP2K1|ROCK2|PLCB4|ARHGEF11|PPP1R12A|BRAF|MYL9|PRKCD|ADCY3|ARHGEF1|ADCY9|PLCB3|PPP1CA|MAP2K2|MYL6|PRKACA|MYLK|PPP1R12B|ADCY6|ROCK1|MAPK3|MAPK1|PRKCA,-6.1421999931
KEGG_VASOPRESSIN_REGULATED_WATER_REABSORPTION,43.2,0.3165693955,DYNC1LI1|DYNC1LI2|DCTN2|DYNC1H1|RAB5B|NSF|ARHGDIA|RAB11A|VAMP2|STX4|RAB5A|RAB5C|ADCY3|DCTN4|ADCY9|PRKACA|DYNC1I2|CREB3L2|ADCY6,1.6800999641
KEGG_VEGF_SIGNALING_PATHWAY,31.6,0.6898025684,HSPB1|PLCG1|SRC|MAPK14|PLA2G4A|PXN|BAD|PTK2|NFATC2|RAF1|SH2D2A|NFATC3|SPHK2|MAP2K1|AKT2|NFATC1|CDC42|AKT3|MAP2K2|MAPK3|RAC1|MAPK1|PRKCA|NFAT5,0.7297000289
KEGG_VIBRIO_CHOLERAE_INFECTION,25.9,0.5636714176,PLCG1|SEC61A1|TJP1|SLC12A2|TJP2|SEC61B|ARF1|ADCY3|ATP6V1A|ACTB|ADCY9|PRKACA|ATP6V0A2|PRKCA,-1.0142999887
KEGG_VIRAL_MYOCARDITIS,22.9,0.0256147541,EIF4G1|MYH10|ICAM1|ABL2|MYH9|EIF4G2|MYH14|ABL1|CXADR|ACTB|HLA-A|RAC1|DMD|EIF4G3|FYN|DAG1,-3.572799921
KEGG_WNT_SIGNALING_PATHWAY,31.8,0.0078703704,JUN|SMAD2|NFATC2|TCF7L2|MAP3K7|APC2|NFATC3|CREBBP|SENP2|MYC|APC|CHD8|PLCB1|PPP2R5D|ROCK2|PLCB4|CTNNB1|SMAD3|FOSL1|PPP2CB|NFATC1|PPP2R5A|CSNK1A1|LRP6|EP300|PLCB3|PRICKLE2|NLK|DAAM1|SKP1|DAAM2|CSNK2B|AXIN1|GSK3B|PRKACA|CSNK2A2|TCF7L1|FZD6|ROCK1|CAMK2D|RAC1|PSEN1|PRKCA|CSNK1E|NFAT5|CSNK2A1|PPP2R5C|CAMK2G,-5.806499958
WP_10Q11_21Q11_23_COPY_NUMBER_VARIATION_SYNDROME,39.3,0.8832060959,MYBBP1A|RIF1|SMARCB1|MEN1|EIF4ENIF1|JUND|BAZ1B|ATF2|ERCC6|SMARCA5|PARG|DDX21|DEK|ELK1|SMARCC2|ITCH|CLOCK|ERCC5|SF3B1|SIRT1|SIRT6|MYO1C|HSF1|NEO1,-0.3199999928
WP_11P11_2_COPY_NUMBER_VARIATION_SYNDROME,19.6,0.4166666667,C11orf96|GLI3|SDCBP|PHF21A|CLOCK|CRY2|ITGB1|TP53I11|ITGA4|REST|PEX16,1.4836000204
WP_13Q12_12_COPY_NUMBER_VARIATION,38.2,0.1800022894,ATXN1|SACS|RTN4|TRAF1|TRAF3|CDC42|SNTB1|LINGO1|SPATA13|RAC1|DMD|SNTA1|DAG1,-2.1842000484
WP_15Q11Q13_COPY_NUMBER_VARIATION,28.8,0.4931987778,SMC5|APBA2|SIN3A|TJP1|FANCD2|MITF|MTMR10|TJP2|FANCI|CREBBP|CDC42BPB|DNMBP|CXADR|UBN1|CGN|CANX|KAT2B,-1.2273000479
WP_15Q25_COPY_NUMBER_VARIATION,30.4,0.9052825902,ZNF592|TOP1|RAF1|AP3D1|HTT|SYNJ1|SHANK3|ITPR1|C15orf40|AP3S1|DNM3|CPEB1|PDE8A|AP3B2,0.2169000059
WP_16P11_2_DISTAL_DELETION_SYNDROME,33.3,0.1217875241,ATXN2L|NFATC2|SPNS1|SH2B1|RABGEF1|NFATC2IP|TRAF1|RAB4A|RAB5A|RABEP2|PRMT1,2.3842000961
WP_16P11_2_PROXIMAL_DELETION_SYNDROME,35.5,0.5410183876,HIRIP3|NFKB1|BPTF|CCDC6|NR3C1|KIF22|CCT3|TAOK2|INO80E|UNC13B|PARP4|PPP4R2|CCT6A|PPP2R5D|PAXIP1|ALDOA|HIRA|CCT8|PPP2CB|CCT4|CCT2|HDAC3|MSN|MAPK3|CCT7|PPP4R4|MAP2K3,1.0755000114
WP_17Q12_COPY_NUMBER_VARIATION_SYNDROME,20,0.7190060798,TAF15|ACACA|LASP1|MED1|CDK12|TADA2A|RPL23|MLLT6|ERBB2|SYNRG|ARHGAP23|ZNF830|CWC25|PIGW|LIG3|DHRS11|RFFL|IKZF3|FBXL20|AATF,-0.654399991
WP_1P36_COPY_NUMBER_VARIATION_SYNDROME,23.2,0.5037372862,ELAVL1|MEPCE|RER1|TRIM25|SMAD2|CDK11A|HSPA8|CCNL2|NADK|PANK4|LRP4|SKI|METTL14|PEX5|CUL3|SMAD3|IFIH1|INTS10|MCM2|GNB1|INTS9|NOC2L,1.2188999653
WP_1Q21_1_COPY_NUMBER_VARIATION_SYNDROME,40.7,0.8585858586,PRKAA1|PYGO2|TJP1|BCL9|PRKAA2|TJP2|PRKAB1|CTNNB1|PRKAB2|CHD1L|F11R,0.2635999918
WP_22Q11_2_COPY_NUMBER_VARIATION_SYNDROME,29.1,0.2304112111,HIRIP3|SCARF2|NCOR1|PI4KA|RAF1|SREBF2|RANBP1|CBX5|ARVCF|ZDHHC8|RAN|DGCR8|MED15|NPRL3|DGCR2|PPP1CB|XPO1|SLC25A1|PAK4|HIRA|RTN4|CUL3|TNPO1|RCC1|DROSHA|CDC42|KPNB1|PLK1|DEPDC5|THAP7|POLR2A|HDAC3|RANGAP1|SRF|KLHL22|SHOC2|EGFR,-2.0109000206
WP_2Q11_2_COPY_NUMBER_VARIATION_SYNDROME,33.3,0.6361338764,NCAPH|KANSL3|ERBB2|CNNM3|SNRNP200|ARID5A|CIAO1|SEMA4C|CNNM4|MAPK3|MAPK1,0.8259000182
WP_2Q13_COPY_NUMBER_VARIATION_SYNDROME,22.2,0.1161202186,POLR1A|POLR1E|ANAPC1|STAT1|PTK2|CKAP2L|SLC20A1|LGALS3|RGPD8|BCL2L11|IL1RAP|ZC3H6|RAC1|MAPK1,2.6145000458
WP_2Q37_COPY_NUMBER_VARIATION_SYNDROME,23.4,0.708249018,HJURP|PPP1R7|MAP4|JUN|PASK|LRRFIP1|MYO5A|SH3BP4|FARP2|RAB27A|AGAP1|TRAF3IP1|ILK|BOK|THAP4|RPS6|HDLBP|DISC1|ARF1|HDAC4|PER2|MEF2A|TRAF3|MLPH|MEF2C|USP40|RRAGC|STK25|DGKD|RAC1|GYS1|CENPA|ING5|EGFR,-0.7249000072
WP_3Q29_COPY_NUMBER_VARIATION_SYNDROME,34.4,0.5636714176,PAK2|MYCBP2|RNF8|PXN|CEP350|JUN|STAT5A|MAD2L1BP|STAT5B|TFRC|DYNLRB1|MCRS1|MYC|UBXN7|PCYT1A|DLG1|SENP5|NCBP2|SIRT1|NF2|NCBP1|ADAM10,-1.0414999723
WP_4P16_3_COPY_NUMBER_VARIATION,37.5,0.1444450039,PLCG1|SOS1|TACC3|SLBP|CBL|FRS2|GAB1|FAM53A|BCS1L|CKAP5|MAPK3|MAPK1,2.6517999172
WP_4_HYDROXYTAMOXIFEN_DEXAMETHASONE_AND_RETINOIC_ACIDS_REGULATION_OF_P27_EXPRESSION,72.2,0.4823733727,EIF4EBP1|PBK|TSC1|MKNK1|PRKAA1|RAF1|MTOR|MAP3K11|MAP2K1|MAP2K2|MAPK3|MAPK1|MAP2K3,1.2436000109
WP_5Q35_COPY_NUMBER_VARIATION,24.3,0.3238095238,PLCG1|SRC|PNPLA2|SOS1|PDLIM7|DBN1|JUN|FAM193B|NSD1|BRCA1|SNCA|MYC|FRS2|RGS14|GPRIN1|ABL1|GAB1|ARFGAP2|HIC2|FGFR4|PTPN2|BARD1|UIMC1|MAGED1|BABAM1|ADAM10|HIP1R,-1.7128000259
WP_7Q11_23_COPY_NUMBER_VARIATION_SYNDROME,40.2,0.736083444,HMGA1|MYBBP1A|ACACA|GTF2I|VPS37A|ULK1|BAZ1B|CLASP1|CLIP2|ERCC6|SMARCA5|CLASP2|BRD4|RB1|EIF4H|SQSTM1|EIF2AK3|EIF2A|DDX21|BCL7B|CFL1|HDAC6|GRIP1|MYC|DEK|CLTC|TSG101|VAMP2|ATPAF1|TBL2|CTNNB1|LIMK1|GTF2IRD1|GAPDH|SF3B1|NUP62|CHTF18|RFC2|HDAC3|MYO1C|MAPK3|UBE2E3|DNAJC30,-0.627300024
WP_8P23_1_COPY_NUMBER_VARIATION_SYNDROME,23.6,0.1517214935,NUMA1|SLBP|RAF1|MCRS1|HSPD1|MTMR6|CTNNB1|FDFT1|AXIN1|TERF1|MAPK3|MAPK1|MFHAS1,2.4470999241
WP_ACUTE_VIRAL_MYOCARDITIS,28.2,0.1131541726,EIF4G1|STAT3|SRC|PABPC1|STAT1|SOS1|ABL2|ILK|EIF4G2|ABL1|PARP1|CXADR|CAAP1|ACTB|TICAM1|CASP2|GSK3B|MAPK3|DMD|MAPK1|DFFA|FYN|BNIP2|DAG1,-2.7088000774
WP_ADIPOGENESIS,25.2,0.4760742188,LMNA|HMGA1|STAT3|NR3C1|MEF2D|STAT1|NCOR2|NCOR1|NCOA2|RB1|STAT5A|STAT5B|IRS2|RXRG|NCOA1|IRS1|RBL2|NRIP1|RBL1|FOXO1|CTNNB1|SMAD3|MEF2A|NAMPT|MEF2C|LPIN2|LPIN1|LIPE|IL6ST|IRS4|E2F1|SCD|TWIST1,-1.2726999521
WP_AGE_RAGE_PATHWAY,47,0.9414324211,STAT3|NFKB1|SRC|MAPK14|STAT1|ATF2|PLA2G4A|JUN|SMAD2|RAF1|STAT5A|STAT5B|MYD88|IRS1|LGALS3|MAP2K1|IKBKB|FOXO1|SMAD3|CDC42|PRKCD|SHC1|MSN|ROCK1|MAPK3|RAC1|MAPK1|DIAPH1|PRKCA|EGFR|CHUK,-0.1297000051
WP_ALPHA_6_BETA_4_SIGNALING_PATHWAY,48.5,0.0905604091,EIF4EBP1|SRC|MAPK14|SOS1|PTK2|MTOR|IRS2|IRS1|PTPN11|GAB1|PRKCD|SHC1|MAPK3|RAC1|MAPK1|PRKCA,-2.9656999111
WP_ALSTROM_SYNDROME,44.1,0.7996888305,SNAPIN|CEP192|NSFL1C|RFX1|TUBG1|VCPIP1|ALMS1|DTNBP1|BLOC1S1|RFX3|GPRASP2|VCP|DNM3|ACTN4|TFDP2,-0.5160999894
WP_ALZHEIMER_39_S_DISEASE,35.6,0.0142770761,ITPR3|KLC2|PSMD4|PSMA4|NFKB1|PSMA5|KLC4|ULK1|ADRM1|ARAF|BAD|ATG2B|PSMA7|RAF1|MTOR|EIF2AK3|APC2|IRS2|KLC1|NRBF2|PSMD14|SNCA|PSMB1|IRS1|EIF2S1|TUBB|ITPR1|APC|PSMD8|PLCB1|MAP2K7|PSMC1|PSMA2|WIPI1|MAP2K1|IKBKB|AMBRA1|AKT2|PLCB4|KIF5B|PSEN2|CTNNB1|RTN4|EIF2AK2|ADAM17|BRAF|TUBA1C|WIPI2|PSMC3|PIK3C3|SLC25A5|PSMC6|GAPDH|ULK2|CSNK1A1|RB1CC1|LRP6|KLC3|APBB1|AKT3|SLC25A6|PSMB6|CDK5|PIK3R4|PLCB3|PSMD1|CAPN2|MAP2K2|RTN3|CSNK2B|AXIN1|GSK3B|VDAC1|ATG13|ATP2A2|CSNK2A2|VDAC2|FZD6|MAPK3|PSMD2|VDAC3|TUBA4A|MAPK1|PSEN1|XBP1|IRS4|PSMD3|TUBB4B|CSNK1E|CHUK|APH1A|CSNK2A1|ADAM10,-4.420899868
WP_ALZHEIMER_39_S_DISEASE_AND_MIRNA_EFFECTS,35,0.0078703704,ITPR3|KLC2|PSMD4|PSMA4|NFKB1|PSMA5|KLC4|ULK1|ADRM1|ARAF|BAD|ATG2B|PSMA7|RAF1|MTOR|EIF2AK3|APC2|IRS2|KLC1|NRBF2|PSMD14|SNCA|PSMB1|IRS1|EIF2S1|TUBB|ITPR1|APC|PSMD8|PLCB1|MAP2K7|PSMC1|PSMA2|WIPI1|MAP2K1|IKBKB|AMBRA1|AKT2|PLCB4|KIF5B|PSEN2|CTNNB1|RTN4|EIF2AK2|ADAM17|BRAF|TUBA1C|WIPI2|PSMC3|PIK3C3|SLC25A5|PSMC6|GAPDH|ULK2|CSNK1A1|RB1CC1|LRP6|KLC3|APBB1|AKT3|SLC25A6|PSMB6|CDK5|PIK3R4|PLCB3|PSMD1|CAPN2|MAP2K2|RTN3|CSNK2B|AXIN1|GSK3B|VDAC1|ATG13|ATP2A2|CSNK2A2|VDAC2|FZD6|MAPK3|PSMD2|VDAC3|TUBA4A|MAPK1|PSEN1|XBP1|IRS4|PSMD3|TUBB4B|CSNK1E|CHUK|APH1A|CSNK2A1|ADAM10,-4.5068001747
WP_AMINO_ACID_METABOLISM,15.4,0.7107023411,CAD|EHHADH|GOT2|PDHA1|ACLY|HIBCH|LDHA|PYCR1|GSR|MDH1|GSS|FAH|MDH2|ACO2,-0.7020000219
WP_AMP_ACTIVATED_PROTEIN_KINASE_SIGNALING,40.3,0.0142770761,ACACA|ELAVL1|EIF4EBP1|PFKFB3|FASN|TSC1|CRTC2|PRKAA1|CAMKK1|TSC2|RPTOR|MTOR|RPS6KB1|PRKAA2|CAMKK2|EEF2|EEF2K|PLCB1|PRKAB1|AKT2|PRKAB2|PIK3C3|LIPE|HMGCR|GYS1|ADIPOR1|STK11,4.1300997734
WP_AMYOTROPHIC_LATERAL_SCLEROSIS_ALS,28.9,0.8006406243,MAPK14|ALS2|BAD|CCS|NEFH|DAXX|DERL1|RAB5A|MAP2K2|GPX1|RAC1,0.4842999876
WP_ANDROGEN_RECEPTOR_NETWORK_IN_PROSTATE_CANCER,56,0.121186199,PRKDC|STAT3|EIF4EBP1|PAK1|TSC1|ARID1B|SMARCA4|MAPK14|ARID1A|STAT1|SOS1|ETV4|CDC25B|SMARCC1|PXN|BAD|CHEK1|JUN|SMAD2|TSC2|BLM|CHEK2|RPTOR|RB1|MSH6|RAF1|FKBP5|MTOR|CRK|ATM|RICTOR|BRCA1|MYC|NDRG1|SMARCD2|ELK1|ATR|MAP2K1|MDM2|PTPN11|SPRY1|GAB1|SMARCC2|SMAD3|DOCK1|CDK1|PLK1|BARD1|RAPGEF1|RAP1A|MAP2K2|ABCC4|PTK2B|CDK2|HSD17B4|MAPK3|MAPK1|ACTL6A|RAD50|E2F1|SPRY2,2.494699955
WP_ANDROGEN_RECEPTOR_SIGNALING_PATHWAY,55.2,0.8237431859,FLNA|ZNF318|STAT3|SRC|ETV5|NR2C2|NCOA3|NCOR2|TGFB1I1|PTK2|NCOR1|UBE3A|KAT7|SIN3A|NCOA2|JUN|RNF14|RB1|PATZ1|NCOA1|BRCA1|CREBBP|RAN|TGIF1|MDM2|LIMK2|ROCK2|FKBP4|DAXX|FOXO1|CTNNB1|SMAD3|CCNE1|CDC42|STUB1|SIRT1|EP300|RAD9A|GSK3B|KAT5|DSTN|RUNX2|KAT2B|ROCK1|RAC1|PIAS1|PIAS2|EGFR,0.4305999875
WP_ANGIOPOIETIN_LIKE_PROTEIN_8_REGULATORY_PATHWAY,49.2,0.1414231047,EIF4EBP1|FASN|RPS6KA4|PTPN1|SOS2|TSC1|PIK3C2A|MAPK14|PRKAA1|SOS1|CAP1|PDPK1|TSC2|RPTOR|RAF1|CBL|MAP4K4|MTOR|SREBF2|MAP3K7|RPS6KB1|PRKAA2|CRK|IRS2|CBLB|RPS6KA1|RPS6KA3|RICTOR|MAP3K11|TRIP10|IRS1|FLOT1|FOXO3|MAP2K7|MAP4K2|PRKAB1|MAP2K1|MAP3K3|MAP3K4|AKT2|MAP3K12|FOXO1|PRKAB2|MAP2K4|PIK3C3|MAP3K2|MAPK6|RAPGEF1|PIK3R4|MINK1|MAP2K2|RPS6KA2|GSK3B|MAPKAP1|MAP3K1|SHC1|MAP4K3|MAPK3|GYS1|MAP3K6|MAPK1|EXOC7|IRS4|MAP2K3|SCD,-2.3773999214
WP_APOPTOSIS,27.3,0.708682684,SCAF11|RIPK1|NFKB1|BAD|JUN|BNIP3L|MYC|BOK|BIRC2|MDM2|CASP10|IKBKB|TRAF1|MAP2K4|TRAF3|BCL2L11|HELLS|CASP2|CASP4|MAP3K1|IKBKG|DFFA|CHUK|TNFRSF21,0.7059000134
WP_APOPTOSIS_MODULATION_AND_SIGNALING,27.2,0.5493191674,RIPK1|NFKB1|BAG3|BAD|JUN|PTPN13|PRKD1|BIRC7|AIFM1|MYD88|BOK|BIRC2|CASP10|IKBKB|BNIP3|DAXX|TRAF3|BCL2L11|MADD|IRAK1|CASP2|CASP4|PEA15|MAPK3|DFFA,-1.138100028
WP_APOPTOSIS_RELATED_NETWORK_DUE_TO_ALTERED_NOTCH3_IN_OVARIAN_CANCER,50.9,0.2095154735,HSPB1|VIM|PAK2|NFKB1|SERBP1|JUND|PTK2|SQSTM1|RPS6KB1|IER3|ERBB3|NET1|BCL3|HSPD1|PKN1|RIPK2|ABL1|GCLC|CTNNA1|TRAF1|HELLS|AXIN1|PTK2B|ETS1|MAPK1|TNFRSF21|F2R,2.1424000263
WP_ARRHYTHMOGENIC_RIGHT_VENTRICULAR_CARDIOMYOPATHY,24.3,0.2507975732,LMNA|DSG2|TCF7L2|EMD|CTNNA1|CTNNB1|ACTN1|ACTB|ACTN2|ITGB5|ITGB1|ACTN4|ATP2A2|TCF7L1|DMD|ITGA4|SLC8A1|DAG1,-1.8781000376
WP_ARYL_HYDROCARBON_RECEPTOR_PATHWAY_WP2586,45.7,0.8585858586,NFKB1|SRC|HSP90AA1|NCOA7|NCOR2|PSRC1|NFE2L2|RB1|RAF1|NF1|MYC|CDC37|NRIP1|MAP2K1|GCLC|EP300|ARNT|CDK2|MAPK1|E2F1|EGFR,0.3125999868
WP_ARYL_HYDROCARBON_RECEPTOR_PATHWAY_WP2873,33.3,0.8585858586,SRC|HSP90AA1|JUND|NFE2L2|JUN|NCOA1|JUNB|CDC37|PTGES3|SLC7A5|EP300|ARNT|CAP2|MYOF|EGFR,-0.2942000031
WP_ATM_SIGNALING_IN_DEVELOPMENT_AND_DISEASE,71.1,0.0078703704,PRKDC|TRIM28|LBR|RIF1|HSPB1|MDC1|TP53BP1|NFKB1|HMGN1|NBN|PRKAA1|RNF8|ATF2|SMC1A|CHEK1|TSC2|CHEK2|MTOR|AURKB|BUB1|RBBP8|ATM|ATR|HDAC4|RNF40|CDK1|RNF20|CDK5|KAT5|IKBKG|RAD50|STK11,8.5820999146
WP_ATM_SIGNALING_PATHWAY,62.5,0.0631366723,RIPK1|MDC1|TP53BP1|NBN|ATF2|SMC1A|CHEK1|JUN|CHEK2|FANCD2|TLK1|ATM|BRCA1|ABL1|CDC25C|MDM2|CCNE1|CDK1|MDM4|CASP2|RAD9A|IKBKG|CDK2|AP3B2|RAD50,3.1965000629
WP_AUTOPHAGY,60,0.2686836758,PRKAA1|ULK1|RPTOR|UVRAG|MTOR|ATG16L1|PRKAA2|DEPTOR|PRKAB1|ATG9A|AMBRA1|AKT1S1|PRKAB2|WIPI2|PIK3C3|RB1CC1|PIK3R4|ATG13,1.9347000122
WP_AUTOPHAGY_IN_PANCREATIC_DUCTAL_ADENOCARCINOMA,50,0.0685649754,HMGB1|STAT3|NFKB1|TFE3|NFE2L2|SQSTM1|MITF|TFEB|MDM2|SHOC2,3.4024999142
WP_A_NETWORK_MAP_OF_MACROPHAGE_STIMULATING_PROTEIN_MSP_SIGNALING,45.1,0.4305779415,ACACA|HSPB1|VIM|NFKB1|PLCG1|SRC|RPS6KA4|MAPK14|PTK2|PDPK1|JUN|SMAD2|RAF1|MTOR|RPS6KB1|PRKAA2|RPS6KA1|RPS6KA3|PDCD4|NDRG1|RPS6|ELK1|MAP2K1|ABL1|PARP1|CTNNB1|GAB1|SMAD3|ZEB2|LDHA|ITGB1|MAP2K2|GSK3B|SHC1|MAPK3|MAPK1|HK2,1.3902000189
WP_BARDET_BIEDL_SYNDROME,22.7,0.9052825902,NEK1|GLI3|USP9X|SUFU|CEP41|GLI2|TRAF3IP1|ARL3|PKD2|FLCN|SCLT1|CEP164|RP2|SCAPER|RAB23|IFT140|IFT43|ARL13B|TRIM32|LZTFL1,0.1718000025
WP_BASE_EXCISION_REPAIR,48.4,0.7322846222,HMGB1|XRCC1|POLD3|POLD2|MPG|LIG1|POLE|PNKP|PARP1|UNG|NEIL3|MBD4|POLE3|LIG3|NTHL1,-0.6504999995
WP_BDNF_TRKB_SIGNALING,48.5,0.5771091219,EIF4EBP1|PLCG1|TSC1|MKNK1|SOS1|GAB2|TSC2|MTOR|RPS6KB1|RPS6KA1|EEF2K|MAP2K1|GAB1|BRAF|SHC1|MAPK1,0.9484000206
WP_BLADDER_CANCER,37.5,0.1444450039,SRC|ARAF|RB1|RAF1|ERBB2|MYC|MAP2K1|MDM2|BRAF|RASSF1|DAPK1|MAP2K2|MAPK1|E2F1|EGFR,-2.4014999866
WP_BRAIN_DERIVED_NEUROTROPHIC_FACTOR_BDNF_SIGNALING_PATHWAY,58.4,0.0078703704,STAT3|EIF4EBP1|NFKB1|PLCG1|SRC|MAPK14|PRKAA1|CAMK4|STAT1|BAD|PDPK1|JUN|TSC2|RAF1|SQSTM1|MTOR|RPS6KB1|STAT5A|STAT5B|PRKAA2|IRS2|RPS6KA1|RPS6KA3|CFL1|KIDINS220|SH2B1|IRS1|GRIP1|EIF2S1|EEF2|NSF|APC|FOXO3|CRTC1|FRS2|RPS6|ELK1|DPYSL2|NCK1|MAP2K1|NCK2|IKBKB|PTPN11|YBX1|NCAM1|CTNNB1|DLG1|CDKL5|ADAM17|RHOG|SH2B2|MEF2A|TIAM1|MAP3K2|MEF2C|CDC42|PRKCD|SIRPA|CDK5|RAP1A|MAP2K2|CYFIP1|GSK3B|EIF2S2|PTPRF|MAP3K1|PTK2B|LINGO1|RAB3A|SORT1|SHC1|IKBKG|MAPK3|RAC1|RANBP9|MAPK1|KSR1|FYN|CHUK|CSNK2A1,-6.9166002274
WP_BREAST_CANCER_PATHWAY,31.2,0.0685649754,NBN|SOS2|SOS1|NCOA3|ARAF|JUN|TCF7L2|RB1|RAF1|MTOR|RPS6KB1|APC2|NCOA1|ATM|ERBB2|NOTCH2|BRCA1|MYC|APC|DLL3|ATR|MAP2K1|PARP1|AKT2|BRCA2|CTNNB1|BRAF|E2F3|CSNK1A1|LRP6|AKT3|SKP1|MAP2K2|CSNK2B|AXIN1|GSK3B|SHC1|DDB2|CSNK2A2|TCF7L1|FZD6|MAPK3|MAPK1|HEY2|RAD50|E2F1|EGFR|CSNK2A1,-3.157599926
WP_BURN_WOUND_HEALING,16,0.2860775588,HMGB1|NFKB1|ICAM1|BRD4|MYD88|ACTA1|CDK16|S100A11|LGALS1|SMAD3|FGFR4|SNAI2,1.8020000458
WP_B_CELL_RECEPTOR_SIGNALING_PATHWAY,46.7,0.7028033388,GTF2I|NFKB1|PLCG1|MAPK14|SOS1|ATF2|GAB2|PDPK1|JUN|NFATC2|RAF1|CBL|SH3BP2|MAP3K7|CRK|RPS6KA1|NFATC3|MYC|BCL10|ELK1|NCK1|MAP2K1|PIP5K1A|IKBKB|PTPN11|FOXO1|GAB1|BRAF|CDC42|PRKCD|BCL6|RAPGEF1|MAP2K2|GSK3B|LCK|SHC1|IKBKG|RAC1|LYN|ETS1|MAPK1|FYN|CHUK,-0.7167000175
WP_CALCIUM_REGULATION_IN_CARDIAC_CELLS,23.2,0.1789418554,ITPR3|CAMK4|RGS10|PRKAR2A|GNG2|PRKD1|ATP2B1|PRKAR2B|PRKAR1A|PRKCH|STIM2|ITPR1|PRKCE|GNG12|FKBP1A|RGS14|YWHAZ|YWHAG|PRKCD|ADCY3|PRKAR1B|ADCY9|PLCB3|PRKACA|ATP2A2|ATP1B3|GJB1|ADCY6|CAMK2D|GNB1|GNB2|ARRB1|PRKCA|SLC8A1|CAMK2G,-2.2837998867
WP_CAMKK2_PATHWAY,69.7,0.8470618207,TSC1|CAMK4|NFE2L2|SMC1A|NFATC2|ICAM1|RPTOR|RAF1|ARHGEF7|SQSTM1|MTOR|CAMKK2|STIM1|WFS1|HDAC4|GIT1|SIRT1|EP300|HMOX1|MAPK3|RAC1|DNM1L|MAPK1,-0.3375999928
WP_CANCER_IMMUNOTHERAPY_BY_PD_1_BLOCKADE,43.5,0.4686668188,STAT3|NFKB1|JUN|NFATC2|NFATC3|PTPN11|NFATC1|HLA-A|LCK|NFAT5,1.2960000038
WP_CARDIAC_HYPERTROPHIC_RESPONSE,58.2,0.0078703704,NFKB1|MAPK14|PDPK1|CDK7|NFATC2|PRKD1|RAF1|MTOR|MAP3K7|HDAC9|MAP2K7|MAP2K1|IKBKB|AKT2|HDAC4|MEF2A|MAP2K4|CDK9|HDAC5|HDAC7|MAP2K2|GSK3B|IKBKE|MAP3K1|IKBKG|CAMK2D|MAPK3|RAC1|MAPK1|PRKCA|MAP2K3|CHUK,-4.2059998512
WP_CARDIOMYOCYTE_SIGNALING_PATHWAYS_CONVERGING_ON_TITIN,36.4,0.2507975732,CRYAB|RAF1|PRKAR1A|MAP2K1|MDM2|NBR1|NUP62|MAP2K2|PRKACA|SRF|MAPK1|PRKCA,-1.9438999891
WP_CELL_CYCLE,55,0.8198377977,PRKDC|SMC3|PKMYT1|ANAPC1|CDC25B|ESPL1|TTK|SMC1A|CHEK1|SMAD2|CDK7|MCM6|CDC23|CHEK2|RB1|CCNH|PTTG1|BUB1|ATM|SKP2|MCM4|STAG2|RBL2|DBF4|MYC|STAG1|MCM7|ORC2|CDC7|ATR|ABL1|CDC16|CDC25C|CCNE2|MDM2|MCM3|RBL1|YWHAZ|YWHAG|ORC1|WEE1|SMAD3|E2F3|CCNE1|CDK1|PLK1|ANAPC5|FZR1|ANAPC2|EP300|CDC20|ZBTB17|SKP1|CDC6|GSK3B|MCM2|MAD1L1|CDK2|CCNB2|TFDP1|MCM5|TFDP2|BUB3|ORC6|E2F1|ANAPC4,-0.3680000007
WP_CELL_LINEAGE_MAP_FOR_NEURONAL_DIFFERENTIATION,15.9,0.7530559605,NES|MAP2|HOMER3|GPHN|DCX|SHANK3|GATA6|CNP|PPFIA1|ERC1|FOXD3|BSN|CASK|DLG1|SNAI2|ROBO1|SOX10|NR4A2|ITGB1|MBP|TWIST1,-0.5141000152
WP_CELL_MIGRATION_AND_INVASION_THROUGH_P75NTR,46.7,0.0078703704,STAT3|PAK1|JUN|KIDINS220|TRIO|ARF1|AKT2|PARD3|TIAM1|AKT3|EFNB3|RAC1|EFNB1|TWIST1,-5.8880000114
WP_CHEMOKINE_SIGNALING_PATHWAY,29.1,0.0078703704,STAT3|NFKB1|PAK1|SOS2|STAT1|SOS1|PXN|PTK2|PREX1|GNG2|RAF1|STAT5B|CRK|BCAR1|FOXO3|PLCB1|GNG12|MAP2K1|ROCK2|IKBKB|AKT2|PLCB4|PARD3|BRAF|TIAM1|WASL|CDC42|PRKCD|ADCY3|AKT3|RAP1A|ADCY9|PLCB3|GSK3B|PTK2B|SHC1|IKBKG|CSK|ADCY6|ROCK1|GNB1|GNB2|MAPK3|RAC1|LYN|MAPK1|ARRB1|CHUK,-5.8003997803
WP_CHOLESTEROL_METABOLISM,15.3,0.5447142181,LBR|OSBPL5|LDLRAP1|NSDHL|VAPA|FDFT1|HMGCS1|MVD|VDAC1|SORT1|HMGCR,1.1586999893
WP_CHOLESTEROL_METABOLISM_WITH_BLOCH_AND_KANDUTSCH_RUSSELL_PATHWAYS,23.4,0.6263438912,LBR|FASN|SREBF2|ACSL3|ACSL4|NSDHL|FDFT1|HMGCS1|MVD|HMGCR|SCD,0.9006999731
WP_CHROMOSOMAL_AND_MICROSATELLITE_INSTABILITY_IN_COLORECTAL_CANCER,41.1,0.0593990217,ARAF|BAD|JUN|SMAD2|TCF7L2|MSH6|RAF1|APC2|RALGDS|MLH1|MYC|APC|MAP2K1|AKT2|CTNNB1|SMAD3|BRAF|BCL2L11|CSNK1A1|AKT3|TGFBR2|AXIN1|GSK3B|EXOC2|DDB2|TCF7L1|MAPK3|RAC1|MAPK1|APPL1,-2.9082000256
WP_CILIARY_LANDSCAPE,40.9,0.8198406173,EHBP1|POM121|VIM|NFKB1|MFAP1|CEP170|VAPB|DYNC1LI1|TNKS1BP1|YAP1|AIMP1|RBM14|LRPPRC|DDX5|MCM6|SMC4|ARFGAP3|RB1|WNK1|EXOC3|NUP133|PGRMC2|WHRN|DYNC1H1|MCM8|RAB3IL1|MCM9|MCM4|DYNLRB1|ANKS6|RAB2A|IQGAP1|CREBBP|EFTUD2|TRAF3IP1|NUP88|PAFAH1B1|APC|PSMD8|MCM7|RPGR|VPS4A|NUDC|DOCK5|EXOC4|ACSL3|ARHGDIA|RANBP10|MCM3|COPS3|CEP97|WDR26|CTNNB1|TFAP2A|STOM|WEE1|RAB14|RABEP2|TBC1D4|PSMC6|ERF|IFT46|IQGAP3|MCM10|EXOSC2|EXOC1|EIF5B|RAB8A|MYL6|EXOC2|MCM2|IFT140|IFT88|CDR2|IFT43|APMAP|DYNC1I2|IQGAP2|RAC1|RANBP9|MCM5|TFAP2C|EXOSC9|EXOC7|COPS5|EXOSC4|LZTFL1|CD2BP2,-0.423299998
WP_CILIOPATHIES,25.5,0.4349912042,CENPF|NEK1|GLI3|USP9X|ARL2BP|ATXN10|SUFU|CEP41|GLI2|CCNO|DDX59|NPHP4|ANKS6|TRAF3IP1|TOPORS|OFD1|POC1B|ARL3|PKD2|ALMS1|FLCN|CEP78|TTBK2|CSPP1|SPAG1|KIAA0753|CCDC28B|HYLS1|C2CD3|KIAA0586|SCLT1|CEP120|DNAAF2|TMEM237|CEP164|RP2|PIK3R4|AHI1|RAB23|IFT140|PLK4|IFT43|ADCY6|TMEM17|ARL13B|TRIM32|LZTFL1,1.4299999475
WP_CIRCADIAN_RHYTHM_GENES,32.3,0.0078703704,METTL3|MYBBP1A|THRAP3|PRKDC|NONO|OGT|RAI1|HNRNPU|RELB|PRKAA1|JUND|TOP1|NCOR1|UBE3A|SIN3A|NCOA2|JUN|DDX5|SFPQ|KDM5A|CRY1|PRKAA2|NFIL3|TOP2A|HNRNPD|MTA1|ZFHX3|PSPC1|SETX|PHLPP1|DYRK1A|EZH2|RBM4|CRTC1|PROX1|PML|NRIP1|PER1|PPP1CB|CSNK1D|DHX9|SUV39H1|ROCK2|TIMELESS|PER2|CLOCK|NAMPT|ID4|CRY2|SIRT1|EP300|HDAC3|KLF10|PPP1CA|SKP1|GFPT1|ARNT|GSK3B|TYMS|RBM4B|MAGED1|KLF9|CSNK1E|PER3|SUV39H2,6.0777001381
WP_CKAP4_SIGNALING_PATHWAY_MAP,38.7,0.6294540497,VIM|NFKB1|SRC|MAPK14|STAT1|JUN|TJP1|CHEK2|PRKAA2|GLI2|ATM|BRCA1|MYC|CD44|DUSP6|BMI1|MAP2K1|MDM2|CTNNB1|PARD3|TRAF1|SMAD3|GOLPH3|CCNE1|BCL2L11|CDK1|TGFBR2|DAP3|ITGB1|CD74|MAP2K2|RAD9A|GSK3B|CASP4|PTK2B|ZEB1|CKAP4|CCNB2|MAPK1|E2F1|EGFR|CAND1|TWIST1,-0.9185000062
WP_CLEAR_CELL_RENAL_CELL_CARCINOMA_PATHWAYS,48.2,0.6224393319,ACACA|STAT3|PBRM1|GRB10|FASN|TSC1|TSC2|RPTOR|TPI1|SQSTM1|MTOR|BAP1|GPI|PGK1|CREBBP|DEPTOR|ACLY|PGM1|ENO1|PHGDH|SETD2|ALDOA|AKT1S1|ALDOC|KDM5C|PFKP|GAPDH|LDHA|PFKM|EP300|PGM2|ARNT|MDH1|PSAT1|PFKL|ZEB1|ENO2|LDHB|KSR1|EGFR|HK2,-0.8628000021
WP_CLOCK_CONTROLLED_AUTOPHAGY_IN_BONE_METABOLISM,22.5,0.2636793807,HMGB1|ULK1|SQSTM1|MTOR|CRY1|PLEKHM1|ATG16L1|PRKAA2|PER1|AMBRA1|TRAP1|PIK3C3|CLOCK|NFATC1|RB1CC1|VCP|ATG13|RUNX2,1.9572999477
WP_COHESIN_COMPLEX_CORNELIA_DE_LANGE_SYNDROME,55.9,0.080994456,SMC3|NIPBL|CDCA5|ESPL1|SMC1A|PTTG1|AURKB|STAG2|APC|PDS5A|PPP2R5D|ESCO2|PPP2CB|PPP2R5A|PDS5B|CDK1|PLK1|ESCO1|PPP2R5C,-2.7023000717
WP_COMMON_PATHWAYS_UNDERLYING_DRUG_ADDICTION,34.1,0.12,CAMK4|ARAF|RAF1|PPP1CB|MAP2K1|ACTB|RAP1A|PPP1CA|MAP2K2|PRKACA|GJB1|MAPK3|MAPK1|PRKCA,-2.7792000771
WP_COMPLEMENT_SYSTEM_IN_NEURONAL_DEVELOPMENT_AND_PLASTICITY,13.2,0.0078703704,DLGAP5|CAP1|SCRIB|MARK2|MARK1|MARK3|CASP10|PARD3|TYRO3|PRKCI|PARD6G|ATP11A|ATP11C|MBP,-3.6751999855
WP_COPPER_HOMEOSTASIS,30.2,0.1225254661,COX17|SLC31A1|JUN|ATP7A|CCS|APC|FOXO3|MDM2|FOXO1|ADAM17|ATOX1|MTF2|ADAM9|GSK3B|ATP7B|ADAM10,-2.5434000492
WP_CORTICOTROPIN_RELEASING_HORMONE_SIGNALING_PATHWAY,33.3,0.5577214642,TRIM28|ACACA|NFKB1|PLCG1|HSP90AA1|MAPK14|JUND|PTK2|NCOA2|RAF1|PRKAA2|FOSL2|JUNB|ELK1|MAP2K1|PARP1|CTNNB1|TFAP2A|FOSL1|BRAF|NR4A1|PRKCD|NR4A2|GSK3B|PRKCI|GNB1|GNB2|MAPK3|MAPK1|ARRB1|PRKCA,-1.0420999527
WP_CYTOPLASMIC_RIBOSOMAL_PROTEINS,54.5,0.0925693223,RPS10|RPL30|RPL13|RPS23|RPL29|RPS9|RPS16|RPS2|RPL3|RPL23|RPS6KB1|RPL18A|RPL24|RPLP2|RPS28|RPS6KA1|RPS6KA3|RPL12|RPS29|RPS13|RPS20|FAU|RPS27|RPL7|RPS17|RPS6|RPS26|RPL4|RPS4X|RPL23A|MRPL19|RPL27A|RPL18|RPL21|RPSA|RPS3|RPL15|RPL19|RPL26|RPS5|RPS6KA2|RPS7|RPL31|RPLP0|RPS3A|RPL5|RPS8|RPL17,2.8556001186
WP_CYTOSOLIC_DNA_SENSING_PATHWAY,20.5,0.0806604669,CYLD|RIPK1|NFKB1|POLR3C|MAVS|TRIM25|ADAR|POLR3G|CASP10|POLR3D|IKBKB|TREX1|IKBKE|IKBKG|CHUK,3.1505999565
WP_DEVELOPMENT_OF_URETERIC_COLLECTION_SYSTEM,21.7,0.1444450039,ETV4|GLI3|SALL1|GLI2|GRIP1|ILK|CTDNEP1|CTNNB1|SPRY1|ROBO2|ROBO1|EYA1|ITGB1,2.3561999798
WP_DISTURBED_PATHWAYS_IN_DUCHENNE_MUSCULAR_DYSTROPHY,24.3,0.9344713446,ITPR3|NFKB1|PRKAA1|PLA2G4A|SMAD2|PRKAA2|ITPR1|STIM1|FKBP1A|SMAD3|SLC25A5|HSPA9|TGFBR2|SNTB1|VDAC1|CAMK2D|DMD|DAG1,-0.1265999973
WP_DNA_DAMAGE_RESPONSE,43.5,0.1330738952,PRKDC|RFC1|NBN|ATRIP|SMC1A|CHEK1|CHEK2|RB1|FANCD2|TLK1|ATM|BRCA1|TLK2|MYC|PML|RPA2|ATR|ABL1|CDC25C|CCNE2|MDM2|CCNE1|CDK1|CDK5|RAD9A|DDB2|CDK2|CCNB2|RAD50|E2F1,2.4418001175
WP_DNA_DAMAGE_RESPONSE_ONLY_ATM_DEPENDENT,34.5,0.0078703704,HMGB1|NFKB1|SOS2|PIK3C2A|SOS1|BAD|JUN|TCF7L2|MAP3K7|ATM|ERBB2|IRS1|RBL2|MYC|APC|FOXO3|ABL1|MDM2|MAP3K4|AKT2|CTNNB1|SMAD3|FOSL1|PIK3C3|BCL2L11|CDC42|BCL6|AKT3|PIK3R4|AXIN1|GSK3B|MAP3K1|SHC1|TCF7L1|PIK3C2B|RAC1|MAPK1|PPP2R5C,-4.318500042
WP_DNA_IR_DAMAGE_AND_CELLULAR_RESPONSE_VIA_ATR,67.9,0.0078703704,PRKDC|TRIM28|RECQL|CLSPN|MDC1|TP53BP1|NBN|TOPBP1|EXO1|BRIP1|ATRIP|SMC1A|CHEK1|RPA1|CHEK2|RECQL4|FANCD2|SMARCAL1|RBBP8|ATM|RECQL5|FOXM1|BRCA1|MLH1|FANCI|PALB2|RFWD3|WRN|MCPH1|PML|RPA2|ATR|CDC25C|MDM2|XRCC5|PARP1|UPF1|HERC2|BRCA2|SMARCC2|RMI1|USP1|CDK1|PLK1|CEP164|BCL6|BARD1|UIMC1|RAD9A|DCLRE1A|MCM2|IKBKG|CDK2|RAD50|E2F1,4.5177001953
WP_DNA_IR_DOUBLE_STRAND_BREAKS_AND_CELLULAR_RESPONSE_VIA_ATM,67.3,0.0078703704,PRKDC|TRIM28|SMC3|RIF1|MDC1|TP53BP1|NBN|YAP1|RNF8|ATF2|EXO1|SMC1A|CHEK1|BLM|CHEK2|FANCD2|ATM|BRCA1|STK3|MCPH1|ATR|ABL1|CDC25C|MDM2|PARP1|UPF1|BRCA2|LATS1|RASSF1|TERF2|CDK5|RAD9A|KAT5|HSF1|ACTL6A|RAD50|E2F1,5.7368001938
WP_DNA_MISMATCH_REPAIR,60.9,0.0430728692,RFC1|EXO1|RPA1|POLD3|POLD2|MSH6|PMS2|LIG1|POLE|MLH1|RPA2|RFC2|POLE3|RFC3,3.7427000999
WP_DNA_REPAIR_PATHWAYS_FULL_NETWORK,51.7,0.1180173092,XRCC6|PRKDC|HMGB1|RFC1|NBN|EXO1|BRIP1|XRCC1|CHEK1|ERCC6|RPA1|CDK7|POLD3|POLD2|MSH6|FANCD2|PMS2|CCNH|MPG|LIG1|FANCM|POLE|ATM|FANCE|RAD51C|BRCA1|MLH1|FANCI|PALB2|REV3L|WRN|RAD23B|PNKP|RPA2|ATR|ERCC3|XRCC5|PARP1|BRCA2|UNG|MNAT1|CUL4A|NEIL3|ERCC5|USP1|XPC|RFC2|REV1|TERF2|FAAP100|RAP1A|MBD4|POLE3|DDB2|LIG3|CUL4B|RFC3|POLM|NTHL1|CETN2|RAD50|RAD23A,2.6835000515
WP_DNA_REPLICATION,61.9,0.7322846222,RFC1|POLA1|RPA1|POLD3|POLD2|MCM6|PRIM2|POLE|MCM4|DBF4|MCM7|ORC2|CDC7|RPA2|CDT1|MCM3|POLA2|ORC1|RFC2|MCM10|CDC6|MCM2|CDK2|RFC3|MCM5|ORC6,0.6690000296
WP_DYRK1A_INVOLVEMENT_REGARDING_CELL_PROLIFERATION_IN_BRAIN_DEVELOPMENT,48.4,0.1330738952,SMARCB1|TSC1|TSC2|RPTOR|MTOR|LIN9|LIN54|DYRK1A|DEPTOR|RBL2|TFAP4|LIN52|RBL1|AKT1S1|FOXO1|NFATC1|CSNK1A1|LATS2|EIF2B5|CRY2|SIRT1|GSK3B|RAD54L2|TFDP1|RBBP4|PSEN1|TFDP2|REST|APH1A|SPRY2,-2.5581998825
WP_EBOLA_VIRUS_INFECTION_IN_HOST,33.3,0.1444450039,FLNA|RFC1|NFKB1|PAK1|RELB|STAT1|PRKRA|TOP1|FLNB|EPS15|IQGAP1|CREBBP|EIF2S1|DAB2IP|VPS4A|CLTC|RAB9A|TSG101|CLTA|TFAP2A|EIF2AK2|ADAM17|RAB5A|TIAM1|TYRO3|ACTN1|CDC42|RAB7A|ACTB|VPS18|EP300|HLA-A|ITGB1|IKBKE|ACTN4|KPNA1|MAPK3|VPS11|RAC1|MAPK1|CAV2|ITGA4|EGFR,-2.4389998913
WP_EBSTEIN_BARR_VIRUS_LMP1_SIGNALING,47.8,0.1067124205,NFKB1|HSP90AA1|PDLIM7|MAP3K7|MAP3K3|IKBKB|TRAF1|IRAK1|IKBKG|MAPK1|CHUK,-3.0474998951
WP_ECTODERM_DIFFERENTIATION,32.4,0.1536144578,MECP2|NUMA1|UBTF|OGT|PHF8|ZNF219|BCAS3|GLI3|SDCBP|PTPN13|PI4KA|GAS2L1|TCF3|RRBP1|BAZ1A|HDAC6|SNCA|WDR44|PGM1|MYC|BCOR|GATA6|CCDC88C|TTC14|TRIM33|PDE7A|GREB1|CTNNB1|TFAP2A|NFATC1|PPFIBP2|RAB8B|STX16|AHI1|NLK|ZBTB2|NF2|ABCC4|CAP2|MZF1|PAN2|TCF7L1|DMD|TFAP2C|FYN|SPRY2,2.3269000053
WP_EFFECT_OF_PROGERIN_ON_GENES_INVOLVED_IN_HUTCHINSON_GILFORD_PROGERIA_SYNDROME,37.8,0.7442879908,CHD4|MTA2|RB1|CBX5|MTA1|CBX3|CHD3|MTA3|SUV39H1|MBD3|RBBP7|RBBP4|CBX1|E2F1,-0.5522999763
WP_EGFR_TYROSINE_KINASE_INHIBITOR_RESISTANCE,40.5,0.5577214642,STAT3|EIF4EBP1|PLCG1|SRC|SOS2|SOS1|ARAF|BAD|PDPK1|RAF1|MTOR|RPS6KB1|NF1|ERBB2|ERBB3|MET|MYC|FOXO3|RPS6|MAP2K1|AKT2|GAB1|BRAF|EIF4E2|BCL2L11|AKT3|MAP2K2|GSK3B|SHC1|MAPK3|MAPK1|PRKCA|EGFR|RRAS2,-1.0523999929
WP_EGF_EGFR_SIGNALING_PATHWAY,59.7,0.1836228852,STAT3|EIF4EBP1|PLCG1|SRC|GRB10|ATXN2|MEF2D|PAK1|SOS2|STMN1|SH3KBP1|EPN1|USP8|MAPK14|STAT1|SOS1|JUND|NCOA3|EPS15L1|PTPN12|PTK2|GAB2|ASAP1|PDPK1|JUN|RAF1|RIN1|INPPL1|CBL|MTOR|PEBP1|RPS6KB1|STAT5A|STAT5B|CRK|SH2D2A|CBLB|ABI1|RPS6KA1|RPS6KA3|ERBB2|BCAR1|RICTOR|USP6NL|RALGDS|REPS2|CFL1|SYNJ1|EPS15|EPS8|PLD1|IQGAP1|ELK4|ERRFI1|IQSEC1|TNK2|ELK1|NCK1|MAP2K1|ABL1|MAP3K3|NCK2|LIMK2|MAP3K4|PTPN11|FOXO1|GAB1|BRAF|RAB5A|MEF2A|ITCH|MAP3K2|MEF2C|CDC42|PRKCD|ARHGEF1|RAP1A|RALBP1|MAP2K2|RPS6KA2|AP2M1|PRKCI|MAP3K1|PTK2B|SHC1|CSK|PIK3C2B|ROCK1|RAC1|MAPK1|CAV2|PRKCA|E2F1|EGFR|SPRY2,-2.257600069
WP_EMBRYONIC_STEM_CELL_PLURIPOTENCY_PATHWAYS,25,0.0078703704,STAT3|SOS1|ARAF|JUN|RAF1|MTOR|APC|ELK1|MAP2K1|MDM2|AKT2|PTPN11|CTNNB1|GAB1|ACTR2|BRAF|FGFR4|LRP6|MAPK6|AKT3|FGF13|MAP2K2|AXIN1|GSK3B|FZD6|IL6ST|MAPK1|MAP2K3|EGFR,-5.531899929
WP_ENDOCHONDRAL_OSSIFICATION,22.2,0.5447142181,STAT1|SOX6|GLI3|KIF3A|STAT5B|SOX5|HDAC4|MEF2C|HMGCS1|SLC38A2|PRKACA|IFT88|RUNX2|DDR2,-1.0686000586
WP_ENDOCHONDRAL_OSSIFICATION_WITH_SKELETAL_DYSPLASIAS,22.2,0.5400586174,STAT1|SOX6|GLI3|KIF3A|STAT5B|SOX5|HDAC4|MEF2C|HMGCS1|SLC38A2|PRKACA|IFT88|RUNX2|DDR2,-1.1332000494
WP_ENDODERM_DIFFERENTIATION,41.3,0.6809320743,ACACA|ELAVL1|BPTF|RTF1|NR3C1|PABPC1|CDC73|STAT1|RFX7|RGS10|AHDC1|AEBP2|TNRC6C|LRPPRC|SMAD2|JARID2|WDHD1|CEP250|ZNF462|GLI2|DNMT3B|DAB2|BCORL1|EMSY|EZH2|ELK4|UBR5|APC|GATA6|SFMBT1|CRTC1|CDYL|TAF4B|FOXO1|CTNNB1|SMAD3|NME1|CEBPZ|SP4|TRERF1|TRIM5|BTAF1|ZNF281|MTF2|ZBTB17|NLK|EPB41L5|CTR9|ASCC3|CUL4B|TCF7L1|LEO1|PIAS1|MAP2K3|CAND1|NAA15|PHF6|RAB38|DIP2A,0.7666000128
WP_ENDOMETRIAL_CANCER,44.4,0.0256147541,SOS2|SOS1|ARAF|BAD|PDPK1|TCF7L2|RAF1|APC2|ERBB2|ILK|MYC|APC|FOXO3|ELK1|MAP2K1|CTNNA1|AKT2|CTNNB1|BRAF|AKT3|MAP2K2|AXIN1|GSK3B|DDB2|TCF7L1|MAPK3|MAPK1|EGFR,-3.2992999554
WP_ENDOPLASMIC_RETICULUM_STRESS_RESPONSE_IN_CORONAVIRUS_INFECTION,47.8,0.5577214642,PPP1R7|PPP1R14B|EIF2AK3|PPP1R10|PPP1R11|EIF2S1|PPP1R3E|PPP1R2|PPP1R13B|PPP1R16A|PPP1CB|EIF2AK2|PPP1R12A|PPP1R14C|PPP1R12C|PPP1R15A|PPP1R3D|PPP1CA|PPP1R3F|PPP1R12B|PPP1R1C|XBP1,-1.0145000219
WP_ENERGY_METABOLISM,47.9,0.9344713446,MYBBP1A|GABPA|MEF2D|MAPK14|PRKAA1|CAMK4|MED1|ATF2|PRKAA2|NCOA1|PPRC1|FOXO3|PRKAB1|FOXO1|PRKAB2|MEF2A|MEF2C|PRMT1|NRF1|SIRT1|EP300|GSK3B|CAMK2G,0.1328999996
WP_ENVELOPE_PROTEINS_AND_THEIR_POTENTIAL_ROLES_IN_EDMD_PHYSIOPATHOLOGY,50,0.1367381482,LBR|TMPO|LEMD3|SOS2|SOS1|SMAD2|PLEC|EMD|CFL1|SYNE1|YY1AP1|MAP2K1|KIF5B|SUN1|SMAD3|SYNE2|ADCY3|ADCY9|MAP2K2|SRF|ADCY6|MAPK3|MAPK1,2.4173998833
WP_EPITHELIAL_TO_MESENCHYMAL_TRANSITION_IN_COLORECTAL_CANCER,23,0.0142770761,MEF2D|PAK1|SOS2|MAPK14|SOS1|NR2C2|SMAD2|TJP1|RAF1|NOTCH2|FOXM1|EZH2|PROX1|DLL3|MAP2K1|FMNL2|AKT2|CTNNB1|SMAD3|ZEB2|SUZ12|MAP2K4|SNAI2|LATS2|LRP6|AKT3|TGFBR2|MAP2K2|GSK3B|SHC1|ZEB1|FZD6|MAPK3|RBBP4|MAPK1|MAP2K3|TWIST1,-3.5955998898
WP_EPO_RECEPTOR_SIGNALING,57.7,0.2270207619,STAT3|SRC|STAT1|SOS1|RAF1|STAT5A|STAT5B|IRS2|IRS1|MAP2K1|PTPRU|MAP2K2|SHC1|MAPK3|MAPK1,-1.9657000303
WP_ERBB_SIGNALING_PATHWAY,52.2,0.0146470913,EIF4EBP1|PAK2|SRC|PAK1|SOS2|SOS1|ARAF|BAD|PTK2|PDPK1|JUN|ABL2|RAF1|CBL|MTOR|RPS6KB1|STAT5A|STAT5B|CRK|CBLB|ERBB2|ERBB3|MYC|MAP2K7|ELK1|NCK1|MAP2K1|ABL1|PAK4|MDM2|NCK2|AKT2|FOXO1|GAB1|BRAF|MAP2K4|BCL2L11|AKT3|MAP2K2|GSK3B|SHC1|CAMK2D|MAPK3|MAPK1|PRKCA|EGFR|CAMK2G,-4.1248998642
WP_ESTROGEN_SIGNALING_PATHWAY,52.2,0.6596140161,NFKB1|MAPK14|JUN|ELK1|MAP2K1|IKBKB|BRAF|PRKACA|IKBKG|GNB1|MAPK1|CHUK,-0.8471000195
WP_ETHANOL_EFFECTS_ON_HISTONE_MODIFICATIONS,45.2,0.3238095238,ATF2|HDAC9|HDAC6|SLC19A1|ACSS2|HAT1|HDAC4|EHMT2|HDAC5|HDAC7|HDAC3|ELP3|TYMS|KAT2B,-1.6618000269
WP_EUKARYOTIC_TRANSCRIPTION_INITIATION,38.1,0.3414927104,POLR1A|POLR1E|CDK7|TAF9|TAF6|CCNH|GTF2B|GTF2E2|ILK|ERCC3|POLR3D|POLR2C|MNAT1|TAF7|TAF12|POLR2A,1.6890000105
WP_EXERCISE_INDUCED_CIRCADIAN_REGULATION,37.5,0.0256147541,PSMA4|QKI|TAB2|CRY1|DNAJA1|CBX3|ETV6|HSPA8|UGP2|EIF4G2|PER1|PER2|ZFR|PPP2CB|CLOCK|VAPA|CRY2|KLF9,3.2913000584
WP_EXTRACELLULAR_VESICLE_MEDIATED_SIGNALING_IN_RECIPIENT_CELLS,36.7,0.0751104566,SMAD2|RAF1|MTOR|ERBB2|MET|APC|CTNNB1|SMAD3|TGFBR2|AXIN1|EGFR,-3.2901000977
WP_EXTRAFOLLICULAR_AND_FOLLICULAR_B_CELL_ACTIVATION_BY_SARS_COV_2,14.7,0.0078703704,STAT5A|HSPA8|FOXO1|ZEB2|TMSB10|BCL6|BACH2|BCR|ETS1|XBP1|IFNAR2,-4.3593997955
WP_FACTORS_AND_PATHWAYS_AFFECTING_INSULIN_LIKE_GROWTH_FACTOR_IGF1_AKT_SIGNALING,52.8,0.2059278351,NFKB1|SMAD2|RPTOR|MTOR|RPS6KB1|RICTOR|PLD1|IRS1|DEPTOR|ILK|PRKAB1|AKT1S1|SMAD3|WASL|ITGB1|GSK3B|MAPKAP1|EIF2B2|ACVR2B,-1.9730000496
WP_FAS_LIGAND_PATHWAY_AND_STRESS_INDUCTION_OF_HEAT_SHOCK_PROTEINS,51.2,0.9862362036,LMNA|PRKDC|LMNB2|LMNB1|HSPB1|PAK2|PAK1|JUN|RB1|MAP3K7|ACTA1|NFX1|RIPK2|CASP10|PARP1|DAXX|MAP2K4|ACTB|MAP3K1|FAF1|DFFA|SPTAN1,0.0242999997
WP_FERROPTOSIS,29.7,0.1588593477,HSPB1|PCBP1|CHMP5|TFRC|ACSL3|GCLC|ACSL4|SLC1A5|FDFT1|SLC7A11|GSS|HMOX1|VDAC2|HMGCR|VDAC3|PCBP2|BACH1|SLC39A14|SLC3A2,2.3011000156
WP_FOCAL_ADHESION,33.2,0.0078703704,FLNA|PAK2|SRC|PAK1|VASP|ZYX|SOS1|ARHGAP5|PXN|BAD|PTK2|PDPK1|JUN|RAF1|CRK|FLNB|ERBB2|BCAR1|TLN1|MET|ILK|TESK2|ARHGAP35|TNK2|ELK1|BIRC2|VCL|PPP1CB|MAP2K1|PAK4|ROCK2|AKT2|CTNNB1|PPP1R12A|BRAF|ACTN1|DOCK1|MYL9|CDC42|PPP1R12C|AKT3|ACTB|RAPGEF1|ITGB5|RAP1A|ITGB1|CAPN2|PPP1CA|PARVB|GSK3B|ACTN4|MYLK|SHC1|PPP1R12B|ROCK1|MAPK3|RAC1|MAPK1|CAV2|ITGA4|DIAPH1|PARVA|TLN2|PRKCA|EGFR|FYN,-5.9444999695
WP_FOCAL_ADHESION_PI3K_AKT_MTOR_SIGNALING_PATHWAY,27.2,0.6413217541,ACACA|ELAVL1|EIF4B|EIF4EBP1|PFKFB3|HSP90AA1|TSC1|CRTC2|PIK3C2A|PRKAA1|ULK1|LPAR3|SOS1|ATF2|ATF6B|BAD|PTK2|PDPK1|TSC2|GNG2|RPTOR|RAF1|HSP90AB1|MTOR|RPS6KB1|PFKFB4|PRKAA2|IRS2|PHLPP2|PHLPP1|MET|RAB2A|IRS1|FOXO3|TBC1D1|CDC37|GNG12|RPS6|PPP2R5D|PPP2R3A|MAP2K1|MDM2|IKBKB|AKT2|AKT1S1|FOXO1|PFKFB2|RAB14|EIF4E2|PPP2CB|FGFR4|IFNAR1|PPP2R5A|RAB10|AKT3|FGF13|PIK3R4|ITGB5|RAB8A|ITGB1|MAP2K2|GSK3B|PELO|LIPE|IKBKG|SLC2A3|CREB3L2|OSMR|PIK3C2B|GNB1|GNB2|MAPK3|GYS1|EPHA2|MAPK1|ITGA4|IRS4|EGFR|IFNAR2|STK11|PPP2R5C|F2R,-0.8436999917
WP_FOLLICLE_STIMULATING_HORMONE_FSH_SIGNALING_PATHWAY,58.3,0.9026747881,EIF4EBP1|SRC|MAPK14|TSC2|RAF1|MTOR|RPS6KB1|RPS6|FOXO1|PRKACA|MAPK3|MAPK1|APPL1|PRKCA,0.2342000008
WP_FRAGILE_X_SYNDROME,43.8,0.6788147842,EIF4G1|MECP2|PLCG1|SRC|TSC1|MKNK1|CAMK4|SOS1|GPHN|ARAF|DICER1|TSC2|EIF4EBP2|RPTOR|RAF1|MTOR|RPS6KB1|NF1|PRKAR1A|ABCD3|DEPTOR|GRIP1|ITPR1|CYFIP2|PLCB1|MAP1B|EIF4A1|CLTC|MAP2K1|CLTA|ARHGAP32|TECR|PTPN11|AKT1S1|GAB1|BRAF|EPS8L1|TELO2|AKAP5|RAP1GAP|TTI1|PPP1CA|MAP2K2|CYFIP1|AP2M1|SH3GL1|PRKACA|SHC1|MAPK1|PRKCA|FYN|SLC16A1|DAG1,-0.7524999976
WP_G13_SIGNALING_PATHWAY,60.5,0.2397567957,CIT|SH3RF1|RPS6KB1|RTKN|PFN1|CFL1|IQGAP1|TNK2|PKN1|PPP1CB|ROCK2|MAP3K4|RHPN2|LIMK1|WASL|CDC42|ARHGEF1|CYFIP1|IQGAP2|ROCK1|RAC1|CFL2|DIAPH1,-1.8776999712
WP_G1_TO_S_CELL_CYCLE_CONTROL,48.4,0.2934832648,ATF6B|RPA1|CDK7|MCM6|RB1|CCNH|PRIM2|POLE|ATM|MCM4|MYC|MCM7|ORC2|RPA2|CCNE2|MDM2|MCM3|POLA2|ORC1|WEE1|MNAT1|E2F3|CCNE1|CDK1|MCM2|CDK2|TFDP1|MCM5|TFDP2|ORC6|E2F1,-1.6780999899
WP_GASTRIC_CANCER_NETWORK_1,57.1,0.5300453515,NUP107|CENPF|TPX2|TOP2A|LIN9|CEP192|MCM4|APC|ECT2|MYBL2|KIF20B|E2F7|KIF15|RNF216|ACTL6A|INO80D,1.1130000353
WP_GASTRIC_CANCER_NETWORK_2,54.8,0.3643214029,LMNB2|LBR|MTDH|AHCTF1|TOP2A|FANCI|MYC|FAM91A1|DSCC1|CTNNB1|CEBPZ|ATAD2|CHTF18|OTUD5|BRIX1|RFC3|EGFR,1.4998999834
WP_GASTRIN_SIGNALING_PATHWAY,50.4,0.1181868743,ELAVL1|STAT3|EIF4EBP1|NFKB1|PLCG1|SRC|MEF2D|PAK1|MAPK14|SOS1|ATF2|PXN|BAD|PTK2|JUN|TJP1|PRKD1|RAF1|MTOR|RPS6KB1|CRK|BCAR1|MAP3K11|PRKCH|IRS1|MYC|FOXO3|PRKCE|PRKD2|CD44|RPS6|ELK1|BIRC2|MAP2K1|IKBKB|PTPN11|FOXO1|CTNNB1|MEF2C|ANXA2|CDC42|PRKCD|HDAC7|ITGB1|GSK3B|KAT5|PRKACA|SHC1|SLC9A1|ROCK1|MAPK3|RAC1|MAPK1|ARRB1|PRKCA|EGFR|FYN|CHUK,-2.5896000862
WP_GENES_CONTROLLING_NEPHROGENESIS,25,0.7849438534,ETV4|GLI3|NOTCH2|ILK|CD2AP|NCK1|NCK2|CTNNB1|ROBO2|EYA1|ITGB1,0.4747999907
WP_GENES_RELATED_TO_PRIMARY_CILIUM_DEVELOPMENT_BASED_ON_CRISPR,25.2,0.4931987778,KIF3A|CEP192|CBY1|TRAF3IP1|KIFAP3|OFD1|ARL3|MIB1|TTBK2|KIAA0753|CEP97|C2CD3|ARMC9|EFCAB7|SCLT1|CEP120|IFT46|RAB23|IFT140|IFT88|IFT43|KATNB1|TMEM17|ARL13B|FBF1|LZTFL1,-1.2414000034
WP_GENETIC_CAUSES_OF_PORTO_SINUSOIDAL_VASCULAR_DISEASE,35.1,0.7952244011,GTF2I|NFKB1|DOCK6|ARHGAP31|DGUOK|IBTK|EIF6|KCNN3|CDC42|SBDS|MAPK3|RAC1|MAPK1,0.481400013
WP_GLIOBLASTOMA_SIGNALING_PATHWAYS,56.1,0.0598760214,PLCG1|SRC|TSC1|PIK3C2A|ARAF|PDPK1|TSC2|RB1|MSH6|RAF1|CBL|NF1|ATM|ERBB2|ERBB3|BRCA1|PRKCH|MET|IRS1|ERRFI1|FOXO3|MAP2K7|MAP2K1|MDM2|AKT2|FOXO1|BRCA2|GAB1|BRAF|MAP2K4|CCNE1|PRKCD|AKT3|EP300|MDM4|MAP2K2|PRKCI|CDK2|PIK3C2B|MAPK3|MAPK1|PRKCA|E2F1|MAP2K3|EGFR|SPRY2,-3.0044999123
WP_GLUCOCORTICOID_RECEPTOR_PATHWAY,30,0.1332003704,TNFAIP3|CDC42EP3|NR3C1|HSP90AA1|AKAP13|JUN|CPEB4|BIRC2|PTGES3|SPRY1|STOM|FGD4|GPR153|SNAI2|PPP1R14C|SEC14L1|PDE4B|DNAJC15|KTN1|SLC26A2|LRRC8A,-2.5594000816
WP_GLYCOGEN_SYNTHESIS_AND_DEGRADATION,40,0.0142770761,PPP2R2A|PGM1|UGP2|PPP2R5D|PHKB|PPP2R3A|PYGB|PPP2CB|PPP2R5A|PHKA2|GSK3B|GYS1|GYG2|HK2|PPP2R5C|PHKA1,-3.6995000839
WP_GLYCOLYSIS_AND_GLUCONEOGENESIS,44.4,0.1330738952,TPI1|GPI|PGK1|GOT2|PDHA1|ENO1|ALDOA|ALDOC|PGAM1|PFKP|GAPDH|LDHA|PFKM|MDH1|PFKL|SLC2A3|MDH2|ENO2|LDHB|HK2,-2.6164999008
WP_GPR143_IN_MELANOCYTES_AND_RETINAL_PIGMENT_EPITHELIUM_CELLS,33.3,0.7107023411,MITF|ITPR1|PLCB1|GPR143|PLCB4|ADCY9|PLCB3|PRKACA|MLANA|ARRB1,-0.676699996
WP_GROWTH_FACTORS_AND_HORMONES_IN_BETA_CELL_PROLIFERATION,42.3,0.5568400771,CRTC2|FOXM1|MYC|AKT2|FOXO1|BRAF|RASSF1|AKT3|CDK2|MAPK3|MAPK1,-1.0584000349
WP_G_PROTEIN_SIGNALING_PATHWAYS,40.7,0.0078703704,AKAP13|PRKD3|PRKAR2A|PRKD1|PRKAR2B|PRKAR1A|AKAP6|PRKCH|PDE1C|PDE4D|ITPR1|AKAP9|AKAP12|PRKCE|GNG12|AKAP11|PDE7A|AKAP1|AKAP10|PDE4A|AKAP8|AKAP5|PRKCD|ADCY3|PRKAR1B|ARHGEF1|ADCY9|PLCB3|PDE8A|PRKCI|PRKACA|SLC9A1|ADCY6|GNB1|GNB2|PDE4B|PRKCA,-6.9092001915
WP_HAIR_FOLLICLE_DEVELOPMENT_CYTODIFFERENTIATION_PART_3_OF_3,16.1,0.9344713446,NFKB1|NR3C1|JUN|TCF3|GLI2|NOTCH2|CUX1|CTNNB1|ADAM17|NFATC1|HR|GTPBP4|LRIG1|EGFR,-0.139500007
WP_HEAD_AND_NECK_SQUAMOUS_CELL_CARCINOMA,43.2,0.7335475161,EIF4EBP1|NFKB1|TSC1|PRKAA1|NFE2L2|PDPK1|TSC2|RPTOR|RB1|MTOR|PRKAA2|ERBB2|NOTCH2|RICTOR|AJUBA|RPS6|BIRC2|FKBP1A|NUMB|AKT2|CTNNB1|CUL3|GAB1|TRAF3|MAML1|AKT3|TGFBR2|FAT1|MAPKAP1|E2F1|EGFR|STK11,-0.6233999729
WP_HEART_DEVELOPMENT,25.5,0.5301305858,NFATC2|TBX2|ERBB3|NFATC3|GATA6|PTPN11|CTNNB1|NFATC1|MEF2C|SRF|MAPK1|HEY2,-1.1247999668
WP_HEDGEHOG_SIGNALING_PATHWAY_WP4249,27.9,0.8198377977,GLI3|KIF3A|SUFU|GLI2|CSNK1D|CUL3|CSNK1A1|SPOP|LRP2|PRKACA|ARRB1|CSNK1E,0.4088000059
WP_HEMATOPOIETIC_STEM_CELL_GENE_REGULATION_BY_GABP_ALPHA_BETA_COMPLEX,52.4,0.9052825902,GABPA|SMARCA4|DNMT1|DNMT3B|ATM|CREBBP|ETV6|FOXO3|TERF2|EP300|DNMT3A,0.2099000067
WP_HEPATITIS_B_INFECTION,39.1,0.9963683004,STAT3|DDX3X|NFKB1|SRC|SOS2|MAPK14|STAT1|SOS1|ATF2|ARAF|MAVS|ATF6B|BAD|TAB2|JUN|SMAD2|NFATC2|RAF1|MAP3K7|STAT5A|STAT5B|NFATC3|MYD88|CREBBP|MYC|MAP2K7|ELK1|MAP2K1|CASP10|IKBKB|AKT2|YWHAZ|SMAD3|BRAF|MAP2K4|TRAF3|NFATC1|IFNAR1|IFIH1|AKT3|TGFBR2|EP300|TICAM1|IRAK1|MAP2K2|IKBKE|MAP3K1|PTK2B|IKBKG|DDB2|CREB3L2|MAPK3|VDAC3|MAPK1|TAB1|PRKCA|MAP2K3|CHUK|TYK2,0.0121999998
WP_HEPATITIS_C_AND_HEPATOCELLULAR_CARCINOMA,26.8,0.9344713446,STAT3|NFKB1|MAPK14|SOS1|JUN|BRCA1|MYC|CD44|RRM2|PTPN11|SMAD3|MYOF|MAPK3|RAC1|CTTN,-0.1225000024
WP_HEPATOCYTE_GROWTH_FACTOR_RECEPTOR_SIGNALING,64.7,0.0256147541,STAT3|SRC|PAK1|SOS1|PXN|PTK2|JUN|RAF1|CRK|MET|ELK1|MAP2K1|PTPN11|GAB1|DOCK1|RAPGEF1|RAP1A|ITGB1|MAP2K2|PTK2B|MAPK3|MAPK1,-3.5906000137
WP_HIPPO_MERLIN_SIGNALING_DYSREGULATION,32.2,0.0256147541,PAK2|PAK1|YAP1|PTK2|PRKAR2A|VGLL4|AMOT|PRKAR2B|TEAD3|PRKAR1A|FOXM1|MET|MYC|AJUBA|CD44|STK3|PPP1CB|PAK4|CTNNA1|PLCB4|CTNNB1|PPP1R12A|CDH7|CUL4A|FGFR4|LATS1|LATS2|PRKAR1B|ITGB5|ITGB1|PPP1CA|NF2|PRKACA|CDH19|EPHA2|SAV1|ITGA4|TEAD2|EGFR,-4.0041999817
WP_HIPPO_SIGNALING_REGULATION_PATHWAYS,39.8,0.3749742321,PRKAA1|YAP1|PRKD3|PRKAR2A|SMAD2|TCF7L2|MTOR|PRKAR2B|TEAD3|PRKAA2|PRKAR1A|PRKCH|MET|PLCB1|PRKCE|STK3|PRKAB1|PLCB4|CTNNB1|SMAD3|PRKAB2|CDH7|FGFR4|LATS1|LATS2|CDC42|PRKCD|PRKAR1B|PLCB3|NF2|PRKCI|PRKACA|TCF7L1|CDH19|RAC1|EPHA2|TEAD2|PRKCA|EGFR,-1.5355000496
WP_HIPPO_YAP_SIGNALING,68.2,0.2991210904,YAP1|TNIK|MAP4K4|TEAD3|STK3|NDRG1|MAP4K2|LATS1|LATS2|RASSF1|MINK1|NF2|MAP4K3|SAV1|TEAD2,-1.700799942
WP_HISTONE_MODIFICATIONS,29.2,0.9161001492,SETMAR|AEBP2|DOT1L|SETD5|SETD1B|EHMT1|NSD1|PRDM2|ASH1L|EZH2|SET|SETD2|SUV39H1|SMYD3|SETD1A|EHMT2|SETDB1|SETBP1|SUV39H2,-0.1854999959
WP_HOST_PATHOGEN_INTERACTION_OF_HUMAN_CORONAVIRUSES_INTERFERON_INDUCTION,60.6,0.1149425287,RIPK1|NFKB1|MAPK14|STAT1|MAVS|JUN|MAP3K7|MYD88|IKBKB|EIF2AK2|TRAF3|IFNAR1|IFIH1|TICAM1|IKBKE|OAS3|IKBKG|CHUK|IFNAR2|TYK2,2.6872999668
WP_HOST_PATHOGEN_INTERACTION_OF_HUMAN_CORONAVIRUSES_MAPK_SIGNALING,50,0.3820085512,MAPK14|ATF2|JUN|RAF1|RPS6KA1|RPS6KA3|MAP3K11|JUNB|MAP2K7|MAP2K1|MAP3K4|MAP2K4|MAP2K2|RPS6KA2|MAP3K1|MAPK3|MAPK1|MAP2K3,-1.5194000006
WP_HYPOTHESIZED_PATHWAYS_IN_PATHOGENESIS_OF_CARDIOVASCULAR_DISEASE,40,0.3407411119,FLNA|MAPK14|NR2C2|SMAD2|SMAD3|TGFBR2|SHC1|RUNX2|MAPK3|MAPK1,1.6677000523
WP_IL6_SIGNALING_PATHWAY,53.5,0.0693877551,STAT3|STAT1|SOS1|BAD|MAP3K7|RPS6KB1|NCOA1|CREBBP|JUNB|MAP2K1|PTPN11|GAB1|MAP2K4|PRKCD|NLK|MAP2K2|GSK3B|SHC1|IL6ST|MAPK3|RAC1|MAPK1|TYK2,-2.8326001167
WP_IL_17_SIGNALING_PATHWAY,31.2,0.6788147842,STAT3|NFKB1|MAP3K7|IKBKB|TRAF3|IL17RA|GSK3B|IKBKG|MAPK3|MAPK1,-0.7580000162
WP_IL_18_SIGNALING_PATHWAY,35.7,0.3927977886,ELAVL1|HSPB1|NFKB1|PRKAA1|MAP3K7|RPS6KB1|MYD88|MAP2K7|IKBKB|PARP1|CTNNB1|MEF2A|PRKCD|IRAK1|GSK3B|LCK|MAPK3|MAPK1|PRKCA|CHUK,-1.450600028
WP_IL_1_SIGNALING_PATHWAY,51.9,0.3151331311,NFKB1|PLCG1|TAB3|MAPK14|ATF2|TAB2|JUN|SQSTM1|MAP3K7|MYD88|MAP2K7|MAP2K1|MAP3K3|IKBKB|PTPN11|MAP2K4|MAP3K2|PELI1|IRAK1|MAP2K2|IL1RAP|MAP3K1|IKBKG|MAPK3|MAPK1|TAB1|MAP2K3|CHUK,-1.7226999998
WP_IL_24_SIGNALING_PATHWAY,33.8,0.4765016083,EIF4G1|MKI67|STAT3|HSPB1|EIF4EBP1|PLCG1|SRC|HSP90AA1|MAPK14|PRKAA1|STAT1|ATF2|NFE2L2|BAD|PTK2|CHEK1|JUN|ICAM1|CHEK2|RB1|CCS|SQSTM1|MTOR|RPS6KB1|EIF2AK3|TOP2A|EIF2A|ATM|AIFM1|CDK5RAP3|CREBBP|EIF2S1|ILK|MYC|APC|CD44|EIF4A1|MAP2K7|NDRG1|RPS6|BMI1|CDC25C|IKBKB|PARP1|BRCA2|CTNNB1|EIF2AK2|YKT6|MEIS1|HSPE1|PPP2CB|MAP3K2|CCNE1|BCL2L11|SF3B1|AP3S1|PPP1R15A|CDK1|BCL6|ABCC1|NAA10|MVD|CASP2|GSK3B|GPX1|GSS|CASP4|PRKACA|MAP3K1|IKBKG|CDK2|DSTN|MAPK3|MAPK1|BSG|XBP1|CENPA|EGFR|CHUK|TWIST1,1.3133000135
WP_IL_26_SIGNALING_PATHWAYS,23.4,0.189290414,STAT3|MAPK14|STAT1|JUN|SMAD2|ICAM1|NFATC1|IL10RB|MAPK3|MAPK1|TYK2,2.184499979
WP_IL_2_SIGNALING_PATHWAY,54.1,0.5667203661,STAT3|STAT1|SOS1|GAB2|RAF1|CBL|RPS6KB1|STAT5A|STAT5B|FOXO3|RPS6|MAP2K1|PTPN11|MAP2K2|LCK|PTK2B|SHC1|MAPK3|MAPK1|FYN,-0.9789000154
WP_IL_3_SIGNALING_PATHWAY,38.8,0.9052825902,STAT3|SRC|SOS1|BAD|GAB2|JUN|RAF1|CBL|STAT5A|STAT5B|MAP2K1|PTPN11|RAPGEF1|PRKACA|SHC1|MAPK3|LYN|MAPK1|FYN,-0.2492000014
WP_IL_4_SIGNALING_PATHWAY,48,0.7189509534,FLNA|STAT3|NFKB1|MAPK14|STAT1|SOS1|ATF2|BAD|GAB2|CBL|RPS6KB1|STAT5A|STAT5B|IRS2|IRS1|ELK1|IKBKB|PTPN11|EP300|SHC1|MAPK3|MAPK1|CHUK|TYK2,0.654399991
WP_IL_5_SIGNALING_PATHWAY,56.8,0.2827677977,STAT3|STAT1|SOS1|JUN|RAF1|RPS6KB1|STAT5A|STAT5B|RPS6KA1|FOXO3|RPS6|ELK1|MAP2K1|PTPN11|SPRED1|MAP2K2|GSK3B|SHC1|MAPK3|LYN|MAPK1,-1.8315999508
WP_IL_7_SIGNALING_PATHWAY,60,0.5588004044,STAT3|STAT1|BAD|STAT5A|STAT5B|MAP2K1|MAP2K2|GSK3B|PTK2B|MAPK3|MAPK1|FYN,-1.0647000074
WP_INFLUENCE_OF_LAMINOPATHIES_ON_WNT_SIGNALING,37.8,0.6832965145,LMNA|TOR1AIP1|DICER1|TCF7L2|EMD|APC|CTNNB1|CSNK1A1|TLE1|AXIN1|GSK3B|RUNX2|TCF7L1|HMGA2,-0.7087000012
WP_INHIBITION_OF_EXOSOME_BIOGENESIS_AND_SECRETION_BY_MANUMYCIN_A_IN_CRPC_CELLS,66.7,0.4293573058,HNRNPH1|ARAF|RAF1|RAB27A|RAB5B|BRAF|RAB5A|RAB5C|PDCD6IP|MAPK3|MAPK1|RRAS2,-1.386500001
WP_INITIATION_OF_TRANSCRIPTION_AND_TRANSLATION_ELONGATION_AT_THE_HIV_1_LTR,40.6,0.2304112111,NFKB1|NFATC2|NFATC3|HDAC9|CREBBP|HDAC4|SUPT5H|NFATC1|CDK9|HDAC5|HDAC7|EP300|HDAC3,-2.0404000282
WP_INSULIN_SIGNALING,55.6,0.0431910569,EIF4EBP1|GRB10|RPS6KA4|PTPN1|SOS2|TSC1|PIK3C2A|MAPK14|PRKAA1|SOS1|EHD1|CAP1|PDPK1|JUN|KIF3A|TSC2|STXBP4|RAF1|INPPL1|CBL|MAP4K4|MTOR|MAP3K7|RPS6KB1|SNAP23|PRKAA2|CRK|IRS2|CBLB|RPS6KA1|RPS6KA3|MAP3K11|PRKCH|IRS1|FLOT1|FOXO3|MAP2K7|ELK1|MAP4K2|MAP2K1|ARF1|MAP3K3|VAMP2|INPP4A|IKBKB|MAP3K4|AKT2|KIF5B|PTPN11|ARHGAP33|STX4|MAP3K12|FOXO1|GAB1|RAB4A|SH2B2|TBC1D4|MAP2K4|PIK3C3|MAP3K2|PRKCD|PFKM|MAPK6|SORBS1|RAPGEF1|PIK3R4|MINK1|MAP2K2|MYO1C|RPS6KA2|GSK3B|PRKCI|PTPRF|MAP3K1|PFKL|SGK3|SHC1|LIPE|SRF|MAP4K3|MAPK3|RAC1|GYS1|MAP3K6|MAPK1|XBP1|IRS4|PRKCA|MAP2K3,-3.535900116
WP_INTEGRATED_CANCER_PATHWAY,52.3,0.7190060798,STAT1|CDC25B|BAD|CHEK1|SMAD2|BLM|CHEK2|RB1|MSH6|ATM|BRCA1|POU2F1|MYC|ATR|MDM2|SMAD3|CDK1|PLK1|BARD1|CDK2|BACH1|RAD50|E2F1,0.6801999807
WP_INTEGRIN_MEDIATED_CELL_ADHESION,42.2,0.0078703704,PAK2|SRC|PAK1|VASP|ZYX|SOS1|ARAF|PXN|PTK2|PDPK1|RAF1|ARHGEF7|CRK|BCAR1|TLN1|ILK|VCL|MAP2K1|PAK4|ROCK2|AKT2|GIT2|BRAF|DOCK1|CDC42|MAPK6|AKT3|SORBS1|RAPGEF1|ITGB5|RAP1A|ITGB1|CAPN2|MAP2K2|SHC1|CSK|ROCK1|RAC1|MAPK1|CAV2|ITGA4|MAP2K3|FYN,-4.8645000458
WP_INTERACTOME_OF_POLYCOMB_REPRESSIVE_COMPLEX_2_PRC2,87.5,0.5571106711,THRAP3|BCLAF1|AEBP2|JARID2|MORC3|STK38|SETX|EZH2|SUZ12|RBBP7|MTF2|TRIM35|ELL|RBBP4,-1.0497000217
WP_INTERFERON_TYPE_I_SIGNALING_PATHWAYS,59.3,0.1836228852,EIF4B|STAT3|EIF4EBP1|RPS6KA4|MAPK14|STAT1|GAB2|RPTOR|CBL|MTOR|RPS6KB1|STAT5A|CRK|IRS2|PDCD4|IRS1|EIF4A1|RPS6|PTPN11|IFNAR1|PRMT1|RAPGEF1|RAP1A|LCK|MAPKAP1|MAP3K1|RAC1|PIAS1|MAP2K3|FYN|IFNAR2|TYK2,-2.1614000797
WP_INTERLEUKIN_11_SIGNALING_PATHWAY,47.7,0.3363384189,STAT3|SRC|STAT1|PDPK1|ICAM1|RAF1|RPS6KB1|RPS6KA1|RPS6|MAP2K1|IKBKB|PTPN11|MAP2K2|RUNX2|IL6ST|MAPK3|PIAS1|MAPK1|FYN|CHUK|TYK2,-1.6302000284
WP_INTERLEUKIN_1_IL_1_STRUCTURAL_PATHWAY,53.2,0.9052825902,SAFB|NFKB1|TANK|MKNK1|TAB3|MAPK14|ATF2|TAB2|MAP3K7|MYD88|MAP2K7|ELK1|MAP2K1|IKBKB|MAP2K4|IRAK1|MAP2K2|IL1RAP|MAP3K1|MAPK3|MAPK1|TAB1|MAP2K3|CHUK|MBP,-0.2380000055
WP_INTRACELLULAR_TRAFFICKING_PROTEINS_INVOLVED_IN_CMT_NEUROPATHY,44.4,0.7683762266,HSPB1|KIF1B|NDRG1|RAB11A|RAB4A|FGD4|MPZ|RAB7A|SBF2|MTMR2|RAB3A|GDAP1,0.5141000152
WP_JAK_STAT_SIGNALING_IN_THE_REGULATION_OF_BETA_CELLS,32.4,0.401555832,STAT3|STAT1|RPTOR|MTOR|STAT5A|STAT5B|FOXM1|AKT2|AKT1S1|AKT3|IFNGR1,1.4680000544
WP_JOUBERT_SYNDROME,42.1,0.5231324278,FLNA|PCM1|SUFU|MTOR|CEP41|MYO5A|NIN|ATM|NPHP4|ANKS6|OFD1|PCNT|ARL3|CSPP1|PARP1|CEP97|ARMC9|KIAA0586|CEP120|TMEM237|CEP164|RP2|MYO6|RAB8A|AHI1|KAT5|CCP110|ARL2|TMEM17|ARL13B|CETN2|RAD50,1.2148000002
WP_KISSPEPTIN_KISSPEPTIN_RECEPTOR_SYSTEM_IN_THE_OVARY,38.5,0.0078703704,NFKB1|RAF1|PRKCH|PLCB1|PRKCE|MAP2K1|AKT2|PLCB4|PRKCD|PLCB3|MAP2K2|MAPK3|MAPK1|ARRB1|PRKCA,-4.5307002068
WP_KIT_RECEPTOR_SIGNALING_PATHWAY,62.3,0.3238095238,STAT3|PLCG1|SRC|GRB10|MAPK14|STAT1|SOS1|BAD|GAB2|RAF1|CBL|MITF|RPS6KB1|STAT5A|DOK1|STAT5B|CRK|RPS6KA1|RPS6KA3|SOCS6|FOXO3|RPS6|MAP2K1|PTPN11|SH2B2|EP300|MAP2K2|SHC1|MAPK3|LYN|MAPK1|PRKCA|FYN,1.6705000401
WP_KLEEFSTRA_SYNDROME,62.1,0.0509164969,SMARCA2|SMARCB1|ARID1B|SMARCA4|ARID1A|SMARCC1|NCOA6|BAP1|EHMT1|SMARCD2|PAXIP1|RBBP5|MBD5|ASXL1|KDM6A|SMARCC2|ACTL6A|WDR5,2.9964001179
WP_LEPTIN_SIGNALING_PATHWAY,62,0.4630698628,ACACA|STAT3|EIF4EBP1|NFKB1|PLCG1|SRC|PTPN1|MAPK14|PRKAA1|STAT1|SOS1|BAD|PTK2|KHDRBS1|RAF1|MTOR|RPS6KB1|STAT5B|PRKAA2|NCOA1|RPS6KA1|ERBB2|SH2B1|IRS1|RPS6|ELK1|MAP2K1|ROCK2|IKBKB|PDE3B|PTPN11|FOXO1|CDC42|MAP2K2|GSK3B|SHC1|IKBKG|ROCK1|MAPK3|RAC1|CFL2|MAPK1|FYN|CHUK,1.3579000235
WP_LEUKOCYTE_INTRINSIC_HIPPO_PATHWAY_FUNCTIONS,40,0.9344713446,MAPK14|YAP1|RAB13|TEAD3|FOXO3|STK3|NDRG1|FOXO1|LATS1|LATS2|RAP1A|RAC1|SAV1|TEAD2,-0.1661999971
WP_LIPID_METABOLISM_PATHWAY,65.5,0.9052825902,ACACA|FASN|PNPLA2|PRKAA1|PRKAR2A|PRKAR2B|PRKAA2|PRKAR1A|PDHA1|ACLY|ACSS2|PRKAB1|AKT2|PRKAB2|AKT3|PRKAR1B|PRKACA|LIPE|BCKDHA,-0.2120999992
WP_LNCRNA_IN_CANONICAL_WNT_SIGNALING_AND_COLORECTAL_CANCER,26.8,0.2821604311,HNRNPK|HNRNPU|JUN|TCF7L2|MAP3K7|APC2|TCF3|SENP2|EZH2|MYC|APC|CHD8|CTNNB1|TFAP2A|FOSL1|CSNK1A1|LRP6|NLK|CSNK2B|AXIN1|GSK3B|CSNK2A2|TCF7L1|FZD6|CSNK1E|CSNK2A1,-1.8812999725
WP_MALE_INFERTILITY,22.1,0.4408713693,HMGA1|RFC1|USP8|ETV5|CHD2|NFE2L2|DDX20|PMS2|KDM3A|PUM2|ABLIM1|ATM|MLH1|SOX5|CREBBP|YBX2|MDM2|XRCC5|PARP1|BRCA2|CLOCK|TRIP13|LRWD1|XPC|CDC42BPA|CDK9|CCNT2|SIRPA|EP300|GPX1|PSAT1|CCNK,1.3955999613
WP_MAPK_CASCADE,72.7,0.0142770761,MAP2|SOS2|MAPK14|SOS1|ARAF|JUN|RAF1|MAP2K7|ELK1|SIPA1|MAP2K1|MAP3K3|MAP3K12|BRAF|MAP2K4|MAP3K2|RASA3|PLCB3|MAP2K2|MAP3K1|MAPK3|MAPK1|MAP2K3|MBP,-4.2350997925
WP_MAPK_PATHWAY_IN_CONGENITAL_THYROID_CANCER,75,0.4760742188,SOS2|SOS1|JUN|RAF1|MYC|ELK1|MAP2K1|BRAF|MAP2K2|SHC1|MAPK3|KSR1,-1.2874000072
WP_MAPK_SIGNALING_PATHWAY,34,0.3238095238,FLNA|HSPB1|PAK2|NFKB1|RPS6KA4|PAK1|SOS2|STMN1|MKNK1|RELB|MAPK14|SOS1|JUND|ATF2|CDC25B|ARAF|PLA2G4A|STK4|TAB2|JUN|RAF1|MAP4K4|MAP3K7|MAPKAPK5|NF1|CRK|FLNB|DUSP16|RPS6KA3|TAOK2|NFATC3|MAP3K11|ELK4|HSPA8|MYC|STK3|MAP2K7|GNG12|ELK1|MAP4K2|DUSP6|MAP2K1|IKBKB|MAP3K4|AKT2|TAOK1|MAP3K12|DAXX|BRAF|MAP2K4|MAP3K2|FGFR4|NFATC1|DUSP9|HSPA1L|NR4A1|MEF2C|CDC42|PRKCD|AKT3|MAPK8IP3|TGFBR2|FGF13|RAP1A|NLK|MAP2K2|RAPGEF2|PRKACA|MAP3K1|IKBKG|SRF|MAP4K3|MAPK3|RAC1|MAP3K6|MAPK1|TAB1|ARRB1|PRKCA|PPM1B|MAP2K3|EGFR|CHUK|RRAS2,-1.5760999918
WP_MEASLES_VIRUS_INFECTION,29.4,0.2095154735,TNFAIP3|STAT3|NFKB1|STAT1|MAVS|BAD|TAB2|JUN|MAP3K7|EIF2AK3|STAT5A|ADAR|STAT5B|EIF3H|CBLB|EIF2AK4|MYD88|EIF2S1|HSPA8|RAB9A|CCNE2|IKBKB|EIF2AK2|TRAF3|CCNE1|IFNAR1|IFIH1|HSPA1L|IRAK1|CSNK2B|IKBKE|OAS3|IKBKG|CDK2|CSNK2A2|MSN|CHUK|IFNAR2|CSNK2A1|TYK2,2.147300005
WP_MECHANOREGULATION_AND_PATHOLOGY_OF_YAP_TAZ_VIA_HIPPO_AND_NON_HIPPO_MECHANISMS,44.7,0.0078703704,PAK2|SRC|PAK1|YAP1|MAP4K4|TEAD3|LIMD1|ACTA1|STK3|MAP4K2|PAK4|CTNNA1|CTNNB1|LATS1|ACTB|ITGB5|ITGB1|NF2|MAP4K3|SAV1|TEAD2,-3.8355998993
WP_MECP2_AND_ASSOCIATED_RETT_SYNDROME,38.4,0.2991210904,MECP2|SMC3|HNRNPH1|TET2|NCOR1|UBE3A|SIN3A|FKBP5|MTOR|POU3F2|NF1|EZH2|MPP1|DLX6|CNP|RPS6|ARHGEF26|GPRIN1|DHX9|YBX1|TET3|PSIP1|MEF2C|HNRNPF|BCL6|E2F1|REST|MBP,-1.8135999441
WP_MELANOMA,35.3,0.070573095,PAK1|SOS2|SOS1|ARAF|BAD|RB1|RAF1|MITF|NF1|ELK1|VCL|MAP2K1|MDM2|AKT2|BRAF|E2F3|AKT3|MAP2K2|DDB2|MAPK3|RAC1|ETS1|MAPK1|E2F1,-3.0134999752
WP_MELATONIN_METABOLISM_AND_EFFECTS,42.9,0.1444450039,NFKB1|MAP2|CRY1|PER1|CSNK1D|FOXO1|PER2|CLOCK|CRY2|SIRT1|IRAK1|GSK3B|PRKCA|CSNK1E|PER3,-2.4964001179
WP_MESODERMAL_COMMITMENT_PATHWAY,34,0.0585924037,TRIM28|ACACA|CCDC6|CCDC88A|YAP1|MACF1|RGS10|AHDC1|NFE2L2|ARID5B|AEBP2|SMAD2|JARID2|WDHD1|CEP250|ZNF462|DNMT3B|PRKAR1A|BCORL1|HTT|EMSY|ELK4|UBR5|GATA6|CRTC1|SETD2|TBX3|KDM6A|MEIS1|SMAD3|LATS1|TRERF1|TRIM5|ZNF281|MTF2|NLK|EPB41L5|AXIN1|PRKACA|ASCC3|ACVR2A|CUL4B|SRF|TCF7L1|PIAS1|TEAD2|HMGA2|ACVR2B|PHF6|DIP2A,3.1637001038
WP_METABOLIC_EPILEPTIC_DISORDERS,34.8,0.1396308888,GPHN|TPI1|GPI|PGK1|GOT2|PDHA1|ENO1|PHGDH|ETHE1|SLC25A1|ALDOA|MOCS2|ALDOC|SLC7A2|PGAM1|SLC25A5|PFKP|GAPDH|SLC1A5|LDHA|PFKM|HLCS|ACO1|MDH1|PSAT1|PFKL|SLC2A3|MDH2|ENO2|MOCS3|LDHB|HK2,-2.5769999027
WP_METABOLIC_PATHWAYS_OF_FIBROBLASTS,37.5,0.9764667429,PLCG1|UGDH|GPI|PGM1|UGP2|PHGDH|FGFR4|SLC1A5|LDHA|PYCR1|PSAT1|SLC16A1,0.0533999987
WP_METABOLIC_REPROGRAMMING_IN_COLON_CANCER,52.4,0.4555465825,FASN|TKT|PAICS|GPI|PGK1|GOT2|PDHA1|ACLY|ENO1|PGAM1|GART|GAPDH|SLC1A5|LDHA|PYCR1|PSAT1|IDH3A|PYCR2|PFKL|MDH2|ACO2|TALDO1,-1.3145999908
WP_METABOLIC_REPROGRAMMING_IN_PANCREATIC_CANCER,38.1,0.0348617833,FASN|GPI|GOT2|PDHA1|ACLY|SLC7A5|SLC1A5|LDHA|GFPT1|MDH1|PFKL|BCKDHA|HMGCR|HK2|PGM3|SLC16A1,-3.1617999077
WP_MET_IN_TYPE_1_PAPILLARY_RENAL_CELL_CARCINOMA,55.9,0.1517214935,STAT3|PAK2|PLCG1|SRC|PAK1|SOS2|TFE3|SOS1|ARAF|BAD|PTK2|JUN|PRCC|RAF1|CBL|CRK|MET|MAP2K1|PAK4|AKT2|PTPN11|GAB1|BRAF|STRN|CDC42|AKT3|RAPGEF1|RAP1A|MAP2K2|MAPK3|RAC1|ETS1|MAPK1,-2.2792999744
WP_MFAP5_EFFECT_ON_PERMEABILITY_AND_MOTILITY_OF_ENDOTHELIAL_CELLS_VIA_CYTOSKELETON_REARRANGEMENT,66.7,0.4765016083,PLCG1|PXN|PTK2|JUN|TJP1|LPP|ITPR1|VCL|ACTN1|MYLK|MAPK3|MAPK1,-1.2717000246
WP_MICRORNAS_IN_CARDIOMYOCYTE_HYPERTROPHY,35.6,0.0078703704,STAT3|NFKB1|MAPK14|PDPK1|CDK7|RAF1|MTOR|HDAC9|MAP2K7|MAP2K1|ROCK2|IKBKB|AKT2|HDAC4|CTNNB1|RCAN1|MAP2K4|LRP6|EIF2B5|MYEF2|CDK9|HDAC5|HDAC7|MAP2K2|GSK3B|IKBKE|MYLK|IKBKG|IL6ST|ROCK1|CAMK2D|MAPK3|RAC1|MAPK1|TAB1|MAP2K3|CHUK,-4.8547000885
WP_MICROTUBULE_CYTOSKELETON_REGULATION,71.7,0.0078703704,STAT3|SRC|PAK1|STMN1|CAMK4|CLASP1|CLIP1|MARK2|AURKB|PHLDB2|TESK2|MARK1|APC|TRIO|MAP1B|DPYSL2|ABL1|KIF2C|TAOK1|LIMK1|TIAM1|CDC42|CDK1|PTPRA|SPRED1|MAPRE1|GSK3B|PRKACA|ROCK1|RAC1|CFL2|DIAPH1|PRKCA,-6.765900135
WP_MIRNA_REGULATION_OF_DNA_DAMAGE_RESPONSE,41.1,0.1418972497,PRKDC|RFC1|NBN|ATRIP|SMC1A|CHEK1|CHEK2|RB1|FANCD2|TLK1|ATM|BRCA1|TLK2|MYC|PML|RPA2|ATR|ABL1|CDC25C|CCNE2|MDM2|CCNE1|CDK1|CDK5|RAD9A|DDB2|CDK2|CCNB2|RAD50|E2F1,2.4138000011
WP_MIRNA_REGULATION_OF_PROSTATE_CANCER_SIGNALING_PATHWAYS,48.4,0.1715963362,NFKB1|SOS1|BAD|RAF1|MTOR|CREBBP|MAP2K1|MDM2|FOXO1|CTNNB1|AKT3|MAP2K2|GSK3B|IKBKG|MAPK1,-2.3338999748
WP_MIRNA_ROLE_IN_IMMUNE_RESPONSE_IN_SEPSIS,20.3,0.0142770761,NFKB1|RELB|MAPK14|TAB2|ICAM1|MAP3K7|MYD88|IKBKB|TRAF3|IRAK1|IKBKG|TAB1|CHUK,3.6968998909
WP_MODULATORS_OF_TCR_SIGNALING_AND_T_CELL_ACTIVATION,26.2,0.2091931392,TNFAIP3|SMARCB1|NFKB1|PLCG1|MEF2D|PDPK1|CBLB|BCL10|IKBKB|GRAP2|SH2B3|LCK|IKBKG|RPRD1B|PCBP2|CHUK,2.0167999268
WP_MRNA_PROCESSING,67.5,0.1605131844,METTL3|HNRNPM|PPM1G|HNRNPK|HNRNPAB|SUGP2|NONO|SRSF7|RBM17|PRPF40A|HNRNPH1|PRPF4B|HNRNPU|RBMX|SRRM1|HNRNPL|CPSF1|HNRNPA2B1|SF3A1|SF3B2|SNRPA|SUGP1|SMC1A|SRPK2|DICER1|SNRPA1|DDX20|SFPQ|DDX1|PRPF3|HNRNPD|LSM7|SRSF9|CSTF2|EFTUD2|SRSF10|NXF1|XRN2|TRA2B|DHX38|U2AF2|CDC40|DHX9|SF3B3|PTBP2|CLASRP|YBX1|PRPF8|SNRPD2|SRSF2|CPSF4|SUPT5H|PABPN1|NCBP2|PAPOLA|SRSF1|SFSWAP|SF3B1|PRMT1|SRSF4|HNRNPH2|CSTF3|SPOP|POLR2A|CLK1|SRSF3|SF3A2|RBM5|PRPF4|DHX8|CLK3|SRPK1|HNRNPC|PRPF6|DHX16|HNRNPA1|RBM39|RNPS1|PCBP2|DHX15|U2AF1|SNRNP70|NCBP1|CD2BP2|SRSF6,-2.2804999352
WP_MYOMETRIAL_RELAXATION_AND_CONTRACTION_PATHWAYS,26.3,0.8762886598,ITPR3|GABPA|NFKB1|PLCG1|ATF2|RGS10|CALD1|ATF6B|PRKAR2A|JUN|GNG2|PRKD1|PRKAR2B|PRKAR1A|PRKCH|GSTO1|PDE4D|ACTA1|ITPR1|PRKCE|GNG12|RGS14|YWHAZ|YWHAG|PRKCD|ADCY3|ACTB|PRKAR1B|ADCY9|PLCB3|PRKACA|ATP2A2|ADCY6|CAMK2D|GNB1|GNB2|PDE4B|ARRB1|PRKCA|SLC8A1|CAMK2G,0.2861999869
WP_NAD_METABOLISM_IN_ONCOGENE_INDUCED_SENESCENCE_AND_MITOCHONDRIAL_DYSFUNCTION_ASSOCIATED_SENESCENCE,45.5,0.5300453515,HMGA1|ELAVL1|PRKAA1|GOT2|PARP1|NAMPT|SIRT1|MDH1|SIRT2|MDH2,1.1210999489
WP_NANOPARTICLE_MEDIATED_ACTIVATION_OF_RECEPTOR_SIGNALING,46.4,0.2059278351,SRC|MAPK14|SOS1|PXN|PTK2|RAF1|TLN1|MAP2K1|AKT3|ITGB1|MAP2K2|MAPK1|EGFR,-2.118999958
WP_NCRNAS_INVOLVED_IN_WNT_SIGNALING_IN_HEPATOCELLULAR_CARCINOMA,25,0.0885908838,ELAVL1|MTDH|JUN|TCF7L2|SENP2|EZH2|MYC|APC|CHD8|CTNNB1|FOSL1|CSNK1A1|LRP6|NLK|CSNK2B|AXIN1|GSK3B|CSNK2A2|TCF7L1|FZD6|CSNK1E|CSNK2A1,-2.8018000126
WP_NEPHROTIC_SYNDROME,24.4,0.585714652,LMNA|ANLN|SMARCAL1|SYNPO|MYH9|CD2AP|ARHGDIA|ALG1|E2F3|ACTN4|INF2,0.9804000258
WP_NETRIN_UNC5B_SIGNALING_PATHWAY,42.3,0.7190060798,SRC|MAPK14|YAP1|PTK2|JUN|ICAM1|RAF1|ARHGEF12|PLEKHH1|MAP2K1|PTPN11|RLF|DAPK1|PPP1CA|MAP2K2|PTK2B|NEO1|MAPK3|RAC1|MAPK1|PRKCA|FYN,-0.6481000185
WP_NETWORK_MAP_OF_SARS_COV_2_SIGNALING_PATHWAY,17,0.3069365133,GTSE1|EIF4EBP1|WDR74|CAMK4|ULK1|STAT1|MAVS|JUN|RPTOR|MTOR|LARP1|IL16|NFATC3|MYD88|DEPTOR|HSPA8|JUNB|RPS6|RRM2|AKT1S1|ITCH|TRAF3|IFIH1|TRO|CDK1|TGFBR2|ACTB|VPS18|IRAK1|LCK|ATG13|IKBKG|CCNB2|VPS11|RAC1|PIAS1|FYN,1.798699975
WP_NEURAL_CREST_CELL_MIGRATION_DURING_DEVELOPMENT,35,0.0078703704,STAT3|PAK2|PAK1|JUN|EPHB4|TRIO|ARF1|PAK4|AKT2|TIAM1|AKT3|PIK3R4|RAC1|TWIST1,-5.5004000664
WP_NEURAL_CREST_CELL_MIGRATION_IN_CANCER,37.2,0.0078703704,STAT3|PAK2|PAK1|JUN|EPHB4|KIDINS220|TRIO|ARF1|PAK4|AKT2|TIAM1|AKT3|PIK3R4|SORT1|RAC1|TWIST1,-5.6420998573
WP_NEURAL_CREST_DIFFERENTIATION,27.7,0.1414231047,NFKB1|MITF|NOTCH2|SOX5|HDAC9|HDAC6|MYC|DLL3|FOXD3|HDAC4|CTNNB1|TFAP2A|CDH7|SNAI2|MPZ|HDAC5|SOX10|HDAC7|ITGB1|HDAC3|AXIN1|GSK3B|GJB1|TCF7L1|ETS1|HEY2|MBP|TWIST1,-2.5476000309
WP_NEURODEGENERATION_WITH_BRAIN_IRON_ACCUMULATION_NBIA_SUBTYPES_PATHWAY,47.7,0.1936197677,MECP2|ACACA|TSC1|PRKAA1|ULK1|TSC2|RPTOR|MTOR|ATG16L1|DEPTOR|PANK2|WIPI1|AKT1S1|WIPI2|PIK3C3|RB1CC1|PIK3R4|COASY|ATG13|ATP13A2|STK11,2.1584999561
WP_NEUROINFLAMMATION_AND_GLUTAMATERGIC_SIGNALING,25,0.1346486175,STAT3|NFKB1|CAMK4|STAT1|CAMKK1|SMAD2|CFL1|CAMKK2|IRS1|PDHA1|PLCB1|PHGDH|PPP1CB|DISC1|PLCB4|SMAD3|SLC38A2|ADCY3|TGFBR2|PLCB3|PPP1CA|IFNGR1|LRRC8D|PRKACA|PSAT1|IL10RB|SLC2A3|IL6ST|CAMK2D|MAPK3|MAPK1|PRKCA|SLC1A4|LRRC8A|CAMK2G,-2.570499897
WP_NF1_COPY_NUMBER_VARIATION_SYNDROME,34.3,0.0078703704,SOS1|MAVS|DNMT1|JARID2|RAF1|EXOC3|CRY1|NF1|EIF3A|METAP2|EVL|CFL1|TUBB|PER1|ATR|EXOC4|CCNE2|RAB11A|ROCK2|LIMK1|SUPT5H|SUZ12|MAP3K2|CCNE1|USP1|RFC2|RBBP7|ATAD5|EXOC1|RAD9A|EXOC2|MAP3K1|MAPK3|RFC3|MAPK1|EXOC7|EGFR,-4.4161000252
WP_NONALCOHOLIC_FATTY_LIVER_DISEASE,14.3,0.1517214935,NFKB1|PRKAA1|JUN|EIF2AK3|PRKAA2|IRS2|MAP3K11|IRS1|EIF2S1|PRKAB1|NDUFV3|IKBKB|AKT2|PRKAB2|ITCH|BCL2L11|CDC42|AKT3|GSK3B|RAC1|XBP1|ADIPOR1,-2.3015999794
WP_NON_GENOMIC_ACTIONS_OF_1_25_DIHYDROXYVITAMIN_D3,30.7,0.0623572072,NFKB1|RELB|MAPK14|STAT1|MED1|JUN|RXRG|PRKCH|PLCB1|PRKCE|IKBKB|PLCB4|PRKCD|PLCB3|IFNGR1|CAMK2D|MAPK3|ETS1|MAPK1|PRKCA|IFNAR2|TYK2|CAMK2G,-3.0415000916
WP_NON_SMALL_CELL_LUNG_CANCER,38.9,0.9980842912,STAT3|PLCG1|SOS2|EML4|SOS1|ARAF|STK4|BAD|RB1|RAF1|STAT5A|STAT5B|RXRG|ERBB2|FOXO3|MAP2K1|AKT2|BRAF|E2F3|RASSF1|AKT3|MAP2K2|DDB2|MAPK3|MAPK1|PRKCA|E2F1|EGFR,-0.0080000004
WP_NOTCH_SIGNALING,31.8,0.8155767225,NUMBL|NCOR2|DTX3L|NOTCH2|CREBBP|DLL3|NUMB|PSEN2|ADAM17|MAML1|KAT2B|PSEN1|APH1A|DTX2,0.4472999871
WP_NOTCH_SIGNALING_PATHWAY,46.3,0.7107023411,STAT3|NFKB1|SRC|SNW1|NUMBL|NCOR2|NCOR1|MAML2|SPEN|NOTCH2|DLL3|NUMB|PSEN2|ADAM17|ITCH|MAML1|EP300|TLE1|SKP1|GSK3B|LCK|RING1|PSEN1|HEY2|APH1A,0.7416999936
WP_NOVEL_INTRACELLULAR_COMPONENTS_OF_RIG_I_LIKE_RECEPTOR_PATHWAY,40,0.0629203502,CYLD|DDX3X|RIPK1|NFKB1|TANK|SNW1|MAPK14|DDX3Y|MAVS|DDX17|TRIM25|MAP3K7|AZI2|CASP10|IKBKB|TBKBP1|TRAF3|IFIH1|PIN1|IKBKE|MAP3K1|OTUD5|IKBKG|CHUK,3.1918001175
WP_NRF2_PATHWAY,19.9,0.0142770761,HSP90AA1|MAFG|PRDX6|NFE2L2|HSP90AB1|SQSTM1|SLC6A8|SLC5A3|GCLC|ABCC5|CBR1|DNAJB1|SLC39A11|SLC7A11|TGFBR2|SLC5A6|FGF13|GSR|SLC39A6|ABCC4|SLC6A6|HMOX1|SLC2A3|SLC39A10|EPHA2|SLC6A15|TXNRD3|SLC39A14,-3.5095000267
WP_NRP1_TRIGGERED_SIGNALING_PATHWAYS_IN_PANCREATIC_CANCER,45.3,0.0502008032,NFKB1|SRC|RELB|CHD2|PTK2|SMAD2|BCAR1|MET|MAP2K1|CCNE2|CHD1|AKT2|SMAD3|SNAI2|CCNE1|AKT3|TGFBR2|MAP2K2|PLXNA1|CDK2|MAPK3|RAC1|MAPK1|EGFR,-3.3492999077
WP_NSP1_FROM_SARS_COV_2_INHIBITS_TRANSLATION_INITIATION_IN_THE_HOST_CELL,62.5,0.6296967973,EIF3H|EIF3A|EIF2S1|EIF5|EIF3B|EIF3G|EIF3E|EIF2S2|EIF3J|EIF3F,-0.8407999873
WP_NUCLEAR_RECEPTORS_META_PATHWAY,24.5,0.1444450039,TNFAIP3|CDC42EP3|STAT3|SRC|FASN|NR3C1|HSP90AA1|JUND|MAFG|NCOA3|PRDX6|NFE2L2|AKAP13|SMC1A|NCOA2|JUN|NCOA6|FKBP5|HSP90AB1|SQSTM1|IRS2|NCOA1|DBI|EHHADH|SLC6A8|MYC|SMARCA1|JUNB|SLC5A3|CDC37|CPEB4|NRIP1|BIRC2|PTGES3|GCLC|SLC7A5|FOXO1|SPRY1|STOM|FGD4|GPR153|ABCC5|CBR1|SNAI2|PPP1R14C|CDK1|DNAJB1|SLC39A11|SLC7A11|TGFBR2|SLC5A6|FGF13|EP300|ACOX1|GSR|SLC39A6|ARNT|ABCC4|SLC6A6|CAP2|MYOF|HMOX1|SLC2A3|KAT2B|SLC39A10|SEC14L1|PDE4B|EPHA2|SLC6A15|DNAJC15|TXNRD3|KTN1|SLC39A14|SCD|EGFR|SLC26A2|LRRC8A,-2.5919001102
WP_NUCLEOTIDE_EXCISION_REPAIR,52.3,0.7683762266,RFC1|ERCC6|RPA1|CDK7|POLD3|POLD2|CCNH|LIG1|POLE|RAD23B|RPA2|ERCC3|MNAT1|CUL4A|ERCC5|XPC|RFC2|POLE3|DDB2|CUL4B|RFC3|CETN2|RAD23A,0.5903000236
WP_NUCLEOTIDE_EXCISION_REPAIR_IN_XERODERMA_PIGMENTOSUM,42.7,0.4806307085,RFC1|HMGN1|XRCC1|ERCC6|RPA1|CDK7|POLD3|POLD2|RAD18|CCNH|LIG1|POLE|BRCA1|SLX4|RAD23B|RPA2|ERCC3|PARP1|MNAT1|CUL4A|XPC|RFC2|GPS1|POLE3|DDB2|LIG3|CUL4B|RFC3|CHD1L|USP7|CETN2|RAD23A,-1.2680000067
WP_ONCOSTATIN_M_SIGNALING_PATHWAY,53.6,0.1647751304,STAT3|NFKB1|SRC|MAPK14|STAT1|SOS1|JUND|PXN|RAF1|MTOR|STAT5B|RICTOR|PRKCH|IRS1|JUNB|PRKCE|RPS6|MAP2K1|PTPN11|PRKCD|MAP2K2|PTK2B|SHC1|CDK2|OSMR|IL6ST|MAPK3|MAPK1|PRKCA|TYK2,-2.3824000359
WP_ONE_CARBON_METABOLISM_AND_RELATED_PATHWAYS,23.1,0.7322846222,PCYT2|CEPT1|PLD1|PCYT1A|GCLC|MAT2A|AHCYL1|GSR|TYMS|GPX1|GSS|DNMT3A,0.7059000134
WP_OREXIN_RECEPTOR_PATHWAY,29.5,0.8198377977,EIF4B|STAT3|EIF4EBP1|MAPK14|PRKAA1|NFE2L2|PDPK1|PRKD1|MTOR|RPS6KB1|RPS6KA1|PLD1|CAMKK2|PRKCE|RPS6|MAP2K1|PTPN11|FOXO1|PRKCD|RRAGC|MAP2K2|RUNX2|MAPK3|MAPK1|ARRB1|PRKCA,-0.4104000032
WP_OSTEOBLAST_DIFFERENTIATION_AND_RELATED_DISEASES,22,0.331551373,PRKDC|PIK3C2A|MAPK14|STAT1|GLI3|PRKD1|GLI2|NOTCH2|PRKCH|PRKCE|DLL3|CTNNB1|PIK3C3|FGFR4|LRP6|PRKCD|MAPK6|PIK3R4|PRKCI|RUNX2|PIK3C2B|FZD6|MAPK3|MAPK1|HEY2|PRKCA,1.6559000015
WP_OVERLAP_BETWEEN_SIGNAL_TRANSDUCTION_PATHWAYS_CONTRIBUTING_TO_LMNA_LAMINOPATHIES,42.1,0.9764667429,LMNA|TMPO|LEMD3|DICER1|SMAD2|TCF7L2|RB1|EMD|CREBBP|APC|JUNB|CTNNB1|SMAD3|CSNK1A1|ACTB|TLE1|AXIN1|GSK3B|NAP1L1|RUNX2|TCF7L1|KAT2B|E2F1|HMGA2,-0.0522999987
WP_P38_MAPK_SIGNALING_PATHWAY,54.3,0.1556004346,HSPB1|RIPK1|HMGN1|MEF2D|MKNK1|MAPK14|STAT1|ATF2|PLA2G4A|MAP3K7|MAPKAPK5|MYC|ELK1|DAXX|MAP2K4|CDC42|MAP3K1|SHC1|RAC1,2.3777999878
WP_P53_TRANSCRIPTIONAL_GENE_NETWORK,26,0.3451047901,PRKAA1|ULK1|TSC2|ICAM1|RPTOR|MTOR|PRKAA2|MLH1|DEPTOR|PML|PRKAB1|CDC25C|XRCC5|E2F7|AKT1S1|PRKAB2|CCNE1|ERCC5|ULK2|XPC|SLC7A11|GPX1|DDB2|CDK2|TRAF4,1.6210999489
WP_PANCREATIC_ADENOCARCINOMA_PATHWAY,47.2,0.0078703704,STAT3|PAK2|NFKB1|PAK1|STAT1|ARAF|BAD|SMAD2|RB1|RAF1|MTOR|PEBP1|RPS6KB1|ERBB2|RALGDS|PLD1|DUSP6|MAP2K1|PAK4|IKBKB|AKT2|BRCA2|SMAD3|BRAF|TIAM1|E2F3|RIPK4|CDC42|PRKCD|AKT3|TGFBR2|RALBP1|MAP2K2|ARHGEF6|IKBKG|DDB2|MAPK3|RAC1|MAPK1|E2F1|EGFR|CHUK,-5.934899807
WP_PARKIN_UBIQUITIN_PROTEASOMAL_SYSTEM_PATHWAY,35.2,0.5577214642,PSMD4|PSMD11|UBA1|PSMD14|SNCA|HSPA4|TUBB|HSPA8|PSMD8|PSMC1|RNF19A|CASK|TUBA1C|PSMC3|PSMC6|CCNE1|HSPA9|HSPA1L|STUB1|PSMD1|UBE2J1|PSMD2|TUBA4A|PSMD3|TUBB4B,-1.0279999971
WP_PATHOGENIC_ESCHERICHIA_COLI_INFECTION,40,0.0078703704,ARHGEF2|NCL|ARPC1B|TUBB|NCK1|ABL1|NCK2|ROCK2|CTNNB1|YWHAZ|TUBA1C|WASL|CDC42|ACTB|ARPC5L|ITGB1|ROCK1|TUBA4A|PRKCA|TUBB4B|FYN|CTTN,-4.7646999359
WP_PATHWAYS_AFFECTED_IN_ADENOID_CYSTIC_CARCINOMA,55.4,0.0078703704,SMARCA2|PRKDC|KAT6A|UHRF1|JMJD1C|ARID1A|ARID5B|NCOR1|SMC1A|CHEK1|CHEK2|RAF1|MGA|TLK1|ATRX|KANSL1|ATM|ERBB2|NSD1|BCORL1|BRCA1|CREBBP|MYC|FOXO3|ARID4B|BCOR|SRCAP|SETD2|MYBL1|KDM6A|FGFR4|EP300|MAP2K2|NFIB|MYCBP|BRD1,4.1813998222
WP_PDGFR_BETA_PATHWAY,58.6,0.7711340206,STAT3|PLCG1|STAT1|SOS1|JUN|RAF1|STAT5A|STAT5B|ELK1|MAP2K1|EIF2AK2|MAP2K4|MAP3K1|SHC1|SRF|MAPK3|PRKCA,0.4523000121
WP_PDGF_PATHWAY,60,0.1414231047,STAT3|NFKB1|PLCG1|SRC|PAK1|STAT1|SOS1|PLA2G4A|JUN|RAF1|ELK1|MAP2K1|PTPN11|TIAM1|MAP2K4|WASL|CDC42|MAP3K1|SHC1|SRF|MAPK3|RAC1|MAPK1|CHUK,-2.572799921
WP_PHOSPHODIESTERASES_IN_NEURONAL_FUNCTION,23.6,0.0685649754,PDE1C|PDE4D|PDE3A|PDE7A|PDE3B|PDE4A|ADCY3|ADCY9|PDE8A|PRKACA|ADCY6|PDE4B|PDE5A,-3.1326999664
WP_PHOSPHOINOSITIDES_METABOLISM,38.8,0.1414231047,PLCG1|PIK3C2A|SBF1|MTMR10|PIKFYVE|PLCB1|MTMR6|PIP5K1A|PLCB4|PIK3C3|PIK3R4|PLCB3|MTM1|SBF2|PLCD3|MTMR2|MTMR3|PIK3C2B|MTMR12,-2.5804998875
WP_PHOTODYNAMIC_THERAPY_INDUCED_AP_1_SURVIVAL_SIGNALING,29.4,0.7527072159,HSP90AA1|MAPK14|ATF2|NFE2L2|JUN|RB1|BCL3|JUNB|MAP2K7|ELK1|MAP2K4|CCNE1|BCL2L11|MAP2K3|EGFR,0.5307999849
WP_PHOTODYNAMIC_THERAPY_INDUCED_HIF_1_SURVIVAL_SIGNALING,26.3,0.295736336,PGK1|BNIP3L|PDHA1|BNIP3|EGLN1|LDHA|ARNT|PFKL|SLC2A3|SLC16A1,-1.799399972
WP_PHYSICO_CHEMICAL_FEATURES_AND_TOXICITY_ASSOCIATED_PATHWAYS,47,0.0367371636,PLCG1|SRC|PAK1|SOS1|PTK2|JUN|RAF1|CBL|STAT5A|NEFH|PFN1|ERBB2|ACTA1|MYC|APC|ELK1|NCK1|MAP2K1|ROCK2|CTNNB1|ACTR2|MAP2K4|DAAM1|AXIN1|GSK3B|GPX1|MYLK|SHC1|FZD6|MAPK1|EGFR,-3.4365000725
WP_PHYSIOLOGICAL_AND_PATHOLOGICAL_HYPERTROPHY_OF_THE_HEART,41.7,0.3897109973,STAT3|MAPK14|JUN|PRKCE|MYEF2|IL6ST|CAMK2D|RAC1|MAPK1|MAP2K3,-1.4997999668
WP_PI3K_AKT_MTOR_SIGNALING_PATHWAY_AND_THERAPEUTIC_OPPORTUNITIES_IN_PROSTATE_CANCER,46.9,0.1330738952,EIF4EBP1|GRB10|ULK1|BAD|TSC2|RPTOR|MTOR|TFEB|RICTOR|FOXO3|FOXO1|RB1CC1|GSK3B|MAPKAP1|ATG13,2.3910000324
WP_PI3K_AKT_MTOR_VITAMIN_D3_SIGNALING,45.5,0.55086567,TSC1|TSC2|MTOR|PFKFB4|PRKAA2|PDHA1|MYC|LDHA|GSK3B|SLC2A3,1.1039999723
WP_PI3K_AKT_SIGNALING_PATHWAY,22.4,0.089195145,EIF4B|PKN2|EIF4EBP1|NFKB1|HSP90AA1|SOS2|TSC1|PRKAA1|LPAR3|SOS1|ATF2|ATF6B|BAD|PTK2|PDPK1|TSC2|GNG2|RPTOR|RAF1|HSP90AB1|MTOR|RPS6KB1|PRKAA2|PHLPP2|BRCA1|PPP2R2A|PHLPP1|MET|IRS1|RBL2|MYC|FOXO3|CDC37|GNG12|RPS6|PKN1|PPP2R5D|PPP2R3A|MAP2K1|CCNE2|MDM2|IKBKB|AKT2|EIF4E2|PPP2CB|FGFR4|CCNE1|IFNAR1|BCL2L11|PPP2R5A|AKT3|FGF13|ITGB5|ITGB1|MAP2K2|GSK3B|SGK3|IKBKG|CDK2|CREB3L2|OSMR|GNB1|GNB2|MAPK3|RAC1|GYS1|EPHA2|MAPK1|ITGA4|PRKCA|EGFR|CHUK|IFNAR2|STK11|PPP2R5C|F2R,-2.8761999607
WP_PLEURAL_MESOTHELIOMA,32.9,0.2252075442,ITPR3|EIF4G1|HMGB1|HCFC1|EIF4B|EIF4EBP1|PAK2|GABPA|NFKB1|SRC|OGT|HMGN1|UHRF1|MEF2D|PAK1|TSC1|MKNK1|MAPK14|PRKAA1|YAP1|ULK1|STAT1|SOS1|ATF2|TNIK|PHC1|KIF23|PTK2|CIT|VGLL4|JUN|CDK7|TCF7L2|TSC2|SETD5|RPTOR|RAF1|MAP4K4|MTOR|BAP1|RPS6KB1|AMOT|TEAD3|PRKAA2|RPS6KA1|RPS6KA3|ATM|YY1|FOXM1|MAP3K11|LIMD1|BRCA1|MET|DEPTOR|SENP2|ACTA1|EZH2|MYC|APC|CHD8|AJUBA|CD44|STK3|MAP2K7|NDRG1|RPS6|SETD2|ELK1|MAP4K2|PRKAB1|BMI1|MAP2K1|PAK4|MDM2|MAP3K3|CTNNA1|MAP3K4|AKT2|PLCB4|AKT1S1|SLC7A5|FOXO1|CTNNB1|ASXL1|KDM6A|FOSL1|PRKAB2|CDH7|SUZ12|MAP2K4|TELO2|MAP3K2|FGFR4|CCNE1|LATS1|ULK2|CSNK1A1|LATS2|RB1CC1|LRP6|RASSF1|BARD1|AKT3|ACTB|FGF13|MDM4|TTI1|ITGB1|MINK1|MAP2K2|CSNK2B|AXIN1|NF2|GSK3B|SETDB1|MAD1L1|MAP3K1|SHC1|ATG13|RING1|CDK2|RNF2|CSNK2A2|TCF7L1|CDH19|FZD6|MAP4K3|MAPK3|EPHA2|MAP3K6|RBBP4|MAPK1|SAV1|ITGA4|TEAD2|WDR5|E2F1|SLC3A2|MAP2K3|MOB1B|EGFR|CSNK1E|CSNK2A1|BAG2,-2.0422000885
WP_PPAR_SIGNALING_PATHWAY,14.9,0.2991210904,PDPK1|RXRG|DBI|EHHADH|ILK|ACSL3|ACSL4|SORBS1|ACOX1|SCD,1.7754000425
WP_PRADER_WILLI_AND_ANGELMAN_SYNDROME,32.4,0.0078703704,NUP50|POM121|NUP153|PCM1|NUP214|NUP107|TUBGCP3|RANBP2|AHCTF1|NUP35|RNF8|UBE3A|RB1|NUP133|NUP155|GLE1|NUP210|NUP98|TPR|FEZ2|NUP88|NUP85|NUP205|MDM2|HERC2|NUP188|NUP93|NUP62|SEH1L|NUP54|MDM4|CDC6|CYFIP1|NUP160|E2F1,7.5204000473
WP_PRE_IMPLANTATION_EMBRYO,25.9,0.0348617833,HMGA1|KHSRP|ELAVL1|HNRNPAB|SMARCA4|SOX8|ZFP36|MTA3|TBX3|IRX5|MYBL1|ATP1A1|ZFP36L2|BATF3|TCF7L1,3.5397000313
WP_PRIMARY_FOCAL_SEGMENTAL_GLOMERULOSCLEROSIS_FSGS,31.9,0.0078703704,MKI67|VIM|PLCG1|PTK2|SMARCAL1|SYNPO|LIMS1|TLN1|ILK|MYH9|CD2AP|VCL|NCK1|CTNNB1|LRP6|UTRN|FAT1|ITGB1|ACTN4|INF2|PARVA|FYN|DAG1,4.9425001144
WP_PRIMARY_OVARIAN_INSUFFICIENCY,24.9,0.0431910569,LMNA|XRCC6|NUP107|NBN|EIF4ENIF1|HAX1|EXO1|XPO5|EIF2B4|PDPK1|KHDRBS1|ERCC6|TSC2|BLM|RECQL4|FANCM|MCM8|ATM|NOTCH2|MCM9|SOX8|BRCA1|FOXO3|WRN|ATG9A|PARP1|FOXO1|BRCA2|POLR2C|WDR62|PGRMC1|EIF2B5|EIF2B3|ERAL1|HARS2|SIRT1|PCMT1|TGFBR2|CPEB1|EIF2S2|HSD17B4|EIF2B2|ACVR2B,3.3368000984
WP_PRION_DISEASE_PATHWAY,43.8,0.0510522775,SMC3|STAT3|NFKB1|CHD2|PTK2|ELK1|NCAM1|MEF2C|EP300|BCL11A|RFX5|MAPK3|MAPK1|FYN,-3.163599968
WP_PROLACTIN_SIGNALING_PATHWAY,54.1,0.7171269693,FLNA|STAT3|EIF4EBP1|NFKB1|SRC|PTPN1|PAK1|MAPK14|STAT1|SOS1|PXN|PTK2|GAB2|JUN|RAF1|CBL|MTOR|RPS6KB1|STAT5A|STAT5B|IRS2|ERBB2|IRS1|MYC|RPS6|ELK1|MAP2K1|PTPN11|YWHAZ|YWHAG|SIRPA|ITGB1|MAP2K2|RPS6KA2|GSK3B|SHC1|MAPK3|RAC1|MAPK1|FYN,-0.7214999795
WP_PROSTAGLANDIN_SYNTHESIS_AND_REGULATION,22.2,0.1444450039,PLA2G4A|MITF|ANXA1|CBR1|ANXA2|AKR1B1|ABCC4|ANXA4|PTGFRN|TBXA2R,-2.4985001087
WP_PROTEASOME_DEGRADATION,33.9,0.58257861,PSMD4|PSMA4|PSMD11|PSMA5|PSMA7|UBA1|PSMB1|PSMD8|PSMC1|PSMA2|PSMC3|PSMC6|PSME2|PSMB6|RPN1|HLA-A|PSMD1|UCHL3|PSMD2|PSME3|PSMD3,0.9437999725
WP_PURINE_METABOLISM_AND_RELATED_DISORDERS,43.5,0.1747222222,PAICS|DGUOK|PFAS|APRT|MAT2A|GART|PNP|MOCOS|ADSL|IMPDH1,2.168200016
WP_RAC1_PAK1_P38_MMP2_PATHWAY,45.6,0.0509164969,STAT3|EIF4EBP1|NFKB1|SRC|PAK1|STMN1|MAPK14|YAP1|SOS1|PXN|BAD|PTK2|STAT5A|STAT5B|CRK|ERBB2|MYC|NCK1|IKBKB|PTPN11|FOXO1|CTNNB1|TNIP1|ITGB1|IKBKG|MAPK3|RAC1|MAPK1|TNIP2|EGFR|CHUK,3.0603001118
WP_RANKL_RANK_SIGNALING_PATHWAY,60,0.1536144578,NFKB1|PLCG1|SRC|RELB|MAPK14|STAT1|PTK2|TAB2|GAB2|JUN|CBL|SQSTM1|MITF|MTOR|MAP3K7|MAP2K7|MAP2K1|IKBKB|AKT2|TRAF1|TRAF3|NFATC1|CDC42|IKBKG|MAPK3|RAC1|LYN|MAPK1|TAB1|CHUK,2.3789000511
WP_RAS_SIGNALING,32.6,0.0078703704,PAK2|NFKB1|PLCG1|PAK1|SOS2|SOS1|PLA2G4A|STK4|BAD|GAB2|ABL2|GNG2|RAF1|RIN1|NF1|RALGDS|RASAL2|MET|PLD1|RAB5B|RGL2|GNG12|ELK1|MAP2K1|ABL1|PAK4|IKBKB|AKT2|PTPN11|GAB1|RAB5A|TIAM1|BRAP|FGFR4|RAB5C|CDC42|RASSF1|RASA3|AKT3|RAP1A|RALBP1|MAP2K2|EXOC2|PRKACA|SHC1|IKBKG|GNB1|GNB2|MAPK3|RAC1|ETS1|EPHA2|MAPK1|KSR1|PRKCA|SHOC2|EGFR|CHUK|RGL1|RRAS2,-7.8603000641
WP_REGULATION_OF_ACTIN_CYTOSKELETON,43.3,0.0078703704,PAK2|PAK1|SOS2|PIK3C2A|SOS1|MYH10|FGD1|PXN|PTK2|RAF1|ARHGEF7|ABI2|BAIAP2|APC2|CRK|PFN1|SSH1|SSH2|BCAR1|CFL1|ENAH|IQGAP1|APC|ARHGAP35|CYFIP2|GNG12|VCL|MAP2K1|PIP5K1A|PAK4|ROCK2|LIMK1|PPP1R12A|WASF1|BRAF|PIK3C3|ACTN1|GIT1|FGFR4|DOCK1|CDC42|MAPK6|ACTB|FGF13|PIK3R4|ARHGEF1|SSH3|MAP2K2|ARHGEF6|MYLK|CSK|DIAPH3|SLC9A1|PIK3C2B|MSN|ROCK1|MAPK3|RAC1|CFL2|MAPK1|DIAPH1|EGFR|RRAS2|WASF2|F2R,-7.3228998184
WP_REGULATION_OF_SISTER_CHROMATID_SEPARATION_AT_THE_METAPHASE_ANAPHASE_TRANSITION,85.7,0.8504674325,SMC3|ESPL1|SMC1A|CENPE|PTTG1|BUB1|APC|STAG1|BUB1B|CDC20|MAD1L1|BUB3,-0.3711000085
WP_REGULATORY_CIRCUITS_OF_THE_STAT3_SIGNALING_PATHWAY,30.8,0.8070175439,TRIM28|STAT3|SRC|STMN1|MAPK14|RPTOR|MTOR|RICTOR|CREBBP|DEPTOR|AKT1S1|IFNAR1|MAPK6|IFNGR1|MAPKAP1|IL10RB|OSMR|IL6ST|MAPK3|MAPK1|EGFR|IFNAR2|TYK2|F2R,0.4325999916
WP_RESISTIN_AS_A_REGULATOR_OF_INFLAMMATION,45.5,0.8762886598,NFKB1|PLCG1|MAPK14|ITPR1|PLCB1|IKBKB|AKT2|PLCB4|AKT3|PLCB3|PLCD3|IKBKG|MAPK3|MAPK1|CHUK,0.2863999903
WP_RETINOBLASTOMA_GENE_IN_CANCER,65.2,0.0078703704,SMARCA2|PRKDC|HMGB1|SMC3|KIF4A|CCDC6|STMN1|ANLN|POLA1|CDC25B|TTK|SMC1A|CHEK1|SIN3A|RPA1|POLD3|MCM6|DNMT1|RB1|MSH6|RAF1|POLE|TOP2A|SKP2|MCM4|MYC|MCM7|CDC7|RPA2|CDT1|ZNF655|ABL1|SUV39H1|CCNE2|MDM2|MCM3|RRM2|RRM1|ORC1|WEE1|NPAT|E2F3|CCNE1|CDK1|BARD1|RBBP7|TYMS|PLK4|FAF1|CDK2|CCNB2|TFDP1|DCK|RFC3|RBBP4|TFDP2|E2F1|SMC2,4.9485001564
WP_RETT_SYNDROME_CAUSING_GENES,47.9,0.1330738952,SMARCA2|TRRAP|MECP2|CHD4|SMARCA4|NCOR2|NCOR1|SMC1A|IMPDH2|CRK|HTT|SHANK3|SMARCA1|HIVEP2|CDKL5|SATB2|BRAF|SYNE2|MEF2C|HDAC5|KDM5B|CECR2|EIF2B2,2.4942998886
WP_ROLE_OF_HYPOXIA_ANGIOGENESIS_AND_FGF_PATHWAY_IN_OA_CHONDROCYTE_HYPERTROPHY,36,0.5644090305,STAT3|NFKB1|RELB|JUND|JUN|LAMTOR1|FOSL2|JUNB|AKT2|FOSL1|FGFR4|AKT3|ARNT|RUNX2|MAPK3|DDR2|MAPK1|PRKCA,1.0180000067
WP_S1P_RECEPTOR_SIGNAL_TRANSDUCTION,40,0.1256144608,RACGAP1|PLCB1|SPHK2|AKT2|MAPK6|AKT3|PLCB3|PIK3C2B|MAPK3|MAPK1,-2.6939001083
WP_SARS_COV_2_INNATE_IMMUNITY_EVASION_AND_CELL_SPECIFIC_IMMUNE_RESPONSE,22.7,0.7442879908,RIPK1|NFKB1|TANK|STAT1|MAVS|TRIM25|LARP1|NUP98|TFAP2A|SMAD3|TRAF3|IFNAR1|EP300|BSG|IFNAR2,-0.6205999851
WP_SEROTONIN_HTR1_GROUP_AND_FOS_PATHWAY,40.5,0.0078703704,STAT3|MAPK14|PDPK1|ITPR1|ELK4|ELK1|MAP2K1|BRAF|RAP1A|MAP2K2|MAP3K1|SRF|MAPK3|MAPK1|MAP2K3,-3.9365000725
WP_SEROTONIN_RECEPTOR_4_6_7_AND_NR3C_SIGNALING,52.6,0.0078703704,NR3C1|ELK4|ELK1|MAP2K1|BRAF|RAP1A|MAP2K2|SRF|MAPK3|MAPK1,-3.6424999237
WP_SIGNAL_TRANSDUCTION_THROUGH_IL1R,36.4,0.3897109973,NFKB1|MAPK14|JUN|MAP3K7|MYD88|IKBKB|IRAK1|IL1RAP|MAP3K1|TAB1|MAP2K3|CHUK,-1.4934999943
WP_SILDENAFIL_TREATMENT,43.5,0.0078703704,PDE4D|ZNF746|PDE4A|AKT2|GAPDH|NRF1|AKT3|GSK3B|PDE4B|PDE5A,-4.5822000504
WP_SMALL_CELL_LUNG_CANCER,27.1,0.2636793807,NFKB1|PTK2|RB1|BIRC7|RXRG|CKS1B|MYC|BIRC2|CCNE2|IKBKB|AKT2|TRAF1|E2F3|TRAF3|CCNE1|AKT3|ITGB1|ZBTB17|SKP1|IKBKG|DDB2|CDK2|TRAF4|CKS2|E2F1|CHUK,-1.8511999846
WP_SMITH_MAGENIS_AND_POTOCKI_LUPSKI_SYNDROME_COPY_NUMBER_VARIATION,40.3,0.540969619,STAT3|NFKB1|RAI1|ALKBH5|TFE3|USP8|ETV5|PRKAA1|YAP1|ULK1|TOM1L2|JUN|RMI2|BLM|RPTOR|MTOR|CRY1|GDI2|TFEB|DENR|FLII|MED9|FHOD1|MYD88|FNIP1|GRIP1|TRAF3IP1|MYC|MPRIP|CLTC|BIRC2|PER1|PRKAB1|CLTA|FLCN|FNIP2|COPS3|WDR26|LIMK1|PARD3|PPP1R12A|CLOCK|RMI1|BCL2L11|LLGL1|RB1CC1|RAB10|LDHA|CRY2|IFT46|CDK1|SMCR8|APBB1|BCL6|GPS1|RAB8A|PRKCI|IFT88|CLEC16A|ATG13|ROCK1|RANBP9|CFL2|COPS5,1.1194000244
WP_SPINAL_CORD_INJURY,21.6,0.585714652,VIM|ICAM1|RB1|SEMA6A|MYC|FOXO3|ZFP36|LGALS3|FKBP1A|ROCK2|RTN4|ANXA1|NR4A1|CDC42|CDK1|PTPRA|CDK2|PTPRZ1|MAPK3|RAC1|MAPK1|PRKCA|E2F1|EGFR|MBP,-0.969900012
WP_SPLICING_FACTOR_NOVA_REGULATED_SYNAPTIC_PROTEINS,40.5,0.0078703704,MAP4|SNW1|GPHN|CLASP1|TERF2IP|EPB41L2|ATP2B1|ANK3|EPB41L3|EPB41|CASK|PLCB4|EPB41L1|RAP1GAP|NEO1|CAV2|CAMK2G,-4.44810009
WP_SREBF_AND_MIR33_IN_CHOLESTEROL_AND_LIPID_HOMEOSTASIS,62.5,0.4636195047,FASN|PRKAA1|MTOR|SREBF2|MED15|HMGCS1|SIRT1|SIRT6|HMGCR|SCD,-1.3322000504
WP_STEROL_REGULATORY_ELEMENT_BINDING_PROTEINS_SREBP_SIGNALING,43.5,0.7209083618,ACACA|FASN|PRKAA1|MTOR|SREBF2|PRKAA2|DBI|YY1|AMFR|ACLY|MED15|PRKAB1|PRKAB2|NFYA|FDFT1|KPNB1|HMGCS1|SEC24D|SIRT1|SEC23A|SEC31A|MVD|LPIN1|MDH1|PRKACA|SCAP|HMGCR|SEC24B|SCD|SAR1A,-0.6798999906
WP_SUDDEN_INFANT_DEATH_SYNDROME_SIDS_SUSCEPTIBILITY_PATHWAYS,22,0.0806604669,MECP2|NFKB1|NR3C1|MAP2|MBD1|PRKAR2A|JUN|SPTBN1|CC2D1A|POU3F2|TCF3|PRKAR2B|PRKAR1A|FOXM1|HDAC9|CREBBP|HSPD1|NOS1AP|ALDOA|VAMP2|YBX1|CTNNB1|YWHAZ|YWHAG|GAPDH|NFYA|MEF2C|PRKAR1B|EP300|PRKACA|HADHA|PLP1|SNTA1|REST|DEAF1,-2.7320001125
WP_SYNAPTIC_SIGNALING_PATHWAYS_ASSOCIATED_WITH_AUTISM_SPECTRUM_DISORDER,38,0.494047619,EIF4EBP1|TSC1|PRKAA1|CAMK4|UBE3A|TSC2|RPTOR|MTOR|RPS6KB1|NF1|PRKAA2|SHANK3|PRKAB1|AKT2|PRKAB2|AKT3|GSK3B|MAPK3|MAPK1,1.2268999815
WP_SYNAPTIC_VESICLE_PATHWAY,21.6,0.6413217541,NSF|UNC13B|CLTC|CLTA|VAMP2|NAPA|DNM3|AP2M1|RAB3A|SYN3|DNM1L,-0.8353999853
WP_TARGET_OF_RAPAMYCIN_SIGNALING,63.9,0.0436456996,EIF4EBP1|TSC1|PRKAA1|ULK1|TSC2|RPTOR|MTOR|RPS6KB1|PRKAA2|RICTOR|PRKAB1|FKBP1A|PRR5|AKT1S1|PRKAB2|ULK2|CDC42|PRR5L|RRAGC|MAPKAP1|HMGCR|RAC1|PRKCA,3.2832000256
WP_TAR_SYNDROME,36.5,0.7203733766,STAT3|NFKB1|POLR3C|BCL2L13|PEX19|LAMTOR1|FARP2|MTA1|ZFHX3|MET|POLR3G|SUMO2|AKAP10|SLK|SIRT1|HLA-A|ITGB1|LCK|EIF4A3|BRF1|RBCK1|CLCN3|EGFR,0.654399991
WP_TGF_BETA_RECEPTOR_SIGNALING,32.7,0.5500169086,STAT3|NFKB1|TFE3|STAT1|ZFYVE9|JUN|SMAD2|CREBBP|SKI|FKBP1A|TGIF1|CTNNB1|SMAD3|ZEB2|TGFBR2|EP300|RUNX2|MAPK3,1.0720000267
WP_TGF_BETA_RECEPTOR_SIGNALING_IN_SKELETAL_DYSPLASIAS,30.5,0.5571106711,STAT3|NFKB1|TFE3|STAT1|ZFYVE9|JUN|SMAD2|CREBBP|SKI|FKBP1A|TGIF1|CTNNB1|SMAD3|ZEB2|TGFBR2|EP300|RUNX2|MAPK3,1.100200057
WP_TGF_BETA_SIGNALING_PATHWAY,53,0.5037372862,ZFYVE16|NUP153|NUP214|PAK2|SRC|SNW1|MAPK14|YAP1|NEDD4L|ZFYVE9|SOS1|JUND|ATF2|TGFB1I1|PTK2|PRKAR2A|SIN3A|JUN|SMAD2|SPTBN1|DCP1A|RAF1|MAP3K7|SNIP1|BCAR1|DAB2|MET|CREBBP|RBL2|MYC|JUNB|PML|SKI|MAP2K1|TGIF1|NEDD9|LIMK2|RBL1|TRAP1|SMAD3|ZEB2|MEF2A|MAP2K4|ITCH|MEF2C|CDC42|CDK1|TGFBR2|EP300|WWP1|ITGB1|KLF10|SKP1|MAP2K2|AXIN1|SHC1|ZEB1|RUNX2|CCNB2|ROCK1|TFDP1|PJA1|RAC1|PIAS1|ETS1|MAPK1|TAB1|PIAS2|COPS5|MAP2K3,1.2056000233
WP_TH17_CELL_DIFFERENTIATION_PATHWAY,30.4,0.3539106935,STAT3|NFKB1|PLCG1|HSP90AA1|MAPK14|STAT1|JUN|SMAD2|MTOR|CRY1|STAT5A|NFIL3|PER1|IKBKB|CLOCK|NFATC1|IFNGR1|LCK|MAPK1|RUNX1|TYK2,1.5853999853
WP_THERMOGENESIS,39.8,0.0078703704,SMARCA2|KDM3B|SMARCB1|SOS2|TSC1|PNPLA2|ARID1B|SMARCA4|MAPK14|PRKAA1|ARID1A|SOS1|ATF2|SMARCC1|ZNF516|TSC2|RPTOR|MTOR|RPS6KB1|KDM3A|PRKAA2|RPS6KA1|RPS6KA3|FRS2|SMARCD2|RPS6|PRKAB1|ACSL3|ACSL4|AKT1S1|SMARCC2|PRKAB2|ADCY3|ACTB|SIRT6|ADCY9|RPS6KA2|PRKACA|LIPE|CREB3L2|ADCY6|ACTL6A|MAP2K3,4.9689998627
WP_THYMIC_STROMAL_LYMPHOPOIETIN_TSLP_SIGNALING_PATHWAY,52.5,0.7683762266,STAT3|EIF4EBP1|NFKB1|SRC|RELB|MAPK14|STAT1|GAB2|MTOR|STAT5A|STAT5B|RPS6|MAP2K1|PTPN11|PI4K2A|MAP2K2|LCK|MAPK3|LYN|MAPK1|FYN,0.5583000183
WP_THYROID_HORMONES_PRODUCTION_AND_PERIPHERAL_DOWNSTREAM_SIGNALING_EFFECTS,37.6,0.4686668188,KDM3B|SRC|TSC1|PNPLA2|SECISBP2L|MAPK14|SOS1|ATF2|BAD|TTF2|NHSL1|ZNF516|TSC2|RPTOR|RAF1|MTOR|RPS6KB1|PLCB1|SLC16A10|FRS2|RPS6|MAP2K1|MDM2|AKT1S1|FOXO1|PFKFB2|CTNNB1|TBC1D4|ADCY3|AKT3|SIRT6|TTF1|GSK3B|PRKACA|MAPK1,1.3331999779
WP_THYROID_STIMULATING_HORMONE_TSH_SIGNALING_PATHWAY,50,0.1444450039,STAT3|SRC|MAPK14|STAT1|PDPK1|SCRIB|GNG2|RB1|RAF1|MTOR|RPS6KB1|RPS6KA1|RALGDS|PLD1|PDE4D|RBL2|PLCB1|RPS6|MAP2K1|BRAF|CCNE1|RAP1GAP|ADCY3|RAP1A|CDK2|GNB1|MAPK3|MAPK1|MAP2K3,-2.3766000271
WP_THYROXINE_THYROID_HORMONE_PRODUCTION,48,0.2127169713,NFKB1|PRKAA1|RAF1|PRKAA2|ELK1|MAP2K1|SLC26A6|RAP1A|MAP2K2|MAPK3|MAPK1|PRKCA,-1.9736000299
WP_TLR4_SIGNALING_AND_TOLERANCE,50,0.2059278351,RIPK1|NFKB1|TAB2|MAP3K7|MYD88|IKBKB|TRAF3|TRAM1|TICAM1|IRAK1|IKBKE|IKBKG|TAB1|CHUK,2.1038999557
WP_TNF_ALPHA_SIGNALING_PATHWAY,42.7,0.154571551,TNFAIP3|RIPK1|NFKB1|HSP90AA1|TANK|TAB3|SOS1|BAD|TAB2|JUN|RAF1|MAP3K7|CREBBP|OTUD7B|CDC37|MAP2K7|BIRC2|MAP4K2|MAP3K3|IKBKB|TRAP1|TRAF1|MAP2K4|PLK1|MADD|SKP1|MAP3K1|IKBKG|RFFL|MAPK3|PSMD2|RAC1|MAPK1|TAB1|KSR1|MAP2K3|CHUK|CSNK2A1,-2.3443000317
WP_TNF_RELATED_WEAK_INDUCER_OF_APOPTOSIS_TWEAK_SIGNALING_PATHWAY,47.4,0.9344713446,RIPK1|NFKB1|RELB|MAPK14|JUN|RAF1|MAP3K7|BIRC2|IKBKB|AKT2|CTNNB1|TRAF1|TRAF3|GSK3B|MAPK3|RAC1|MAPK1|CHUK,-0.1257999986
WP_TOLL_LIKE_RECEPTOR_SIGNALING_PATHWAY,28.2,0.8198377977,RIPK1|NFKB1|TAB3|MAPK14|STAT1|TAB2|JUN|MAP3K7|MYD88|MAP2K7|MAP2K1|IKBKB|AKT2|MAP2K4|TRAF3|IFNAR1|AKT3|TICAM1|IRAK1|MAP2K2|IKBKE|IKBKG|MAPK3|RAC1|MAPK1|TAB1|MAP2K3|CHUK|IFNAR2,-0.4230000079
WP_TOLL_LIKE_RECEPTOR_SIGNALING_RELATED_TO_MYD88,35.5,0.8205145551,NFKB1|RELB|MYD88|IKBKB|TRAF3|TICAM1|IRAK1|IKBKE|IKBKG|MAPK1|CHUK,-0.4074999988
WP_TRANSCRIPTION_CO_FACTORS_SKI_AND_SKIL_PROTEIN_PARTNERS,61.1,0.5593888448,MECP2|SIN3A|NF1|TEAD3|STK3|SKI|SATB2|LATS1|LATS2|HDAC3|TEAD2,-1.0805000067
WP_TRANSLATION_FACTORS,70,0.4492674053,EIF4G1|ETF1|EIF4B|EIF4EBP1|PABPC1|EEF1B2|EIF2B4|EIF4EBP2|EIF4H|EIF2AK3|EEF1D|EIF3H|EIF4EBP3|EIF3A|EEF1A2|EIF2S1|EIF5|EEF2|EEF2K|EIF4A1|EIF6|EEF1G|EIF3B|EIF2AK2|EIF2B5|EIF2B3|EIF3G|EIF5B|EIF3E|EIF2S2|EIF3J|PAIP1|EIF3F|EIF4G3|EIF2B2,1.3711999655
WP_TRANSLATION_INHIBITORS_IN_CHRONICALLY_ACTIVATED_PDGFRA_CELLS,58.7,0.1481809282,EIF4G1|EIF4B|EIF4EBP1|RPS6KA4|MAPK14|RPTOR|MTOR|RPS6KB1|RPS6KA1|PDCD4|EIF4A1|MAP2K7|RPS6|MAP2K1|AKT2|MAP2K4|PRKCD|AKT3|MAP2K2|RPS6KA2|PRKACA|MAPK3|MAPK1|EIF4G3|PRKCA|MAP2K3|CSNK2A1,-2.3724999428
WP_TRANS_SULFURATION_ONE_CARBON_METABOLISM_AND_RELATED_PATHWAYS,26.9,0.7149542758,PCYT2|CEPT1|DNMT3B|PLD1|MTHFD1L|PHGDH|AHCYL2|PCYT1A|GCLC|MAT2A|AHCYL1|GSR|MAT2B|TYMS|GPX1|GSS|PSAT1|DNMT3A,0.7136999965
WP_TROP2_REGULATORY_SIGNALING,46.7,0.5589689176,VIM|NFKB1|SRC|STAT1|PTK2|CHEK1|JUN|RB1|TLN1|IGF2R|PAK4|PSEN2|CTNNB1|CCNE1|PRKCD|ABCC1|ITGB1|CDK2|RAC1|PRKCA|EGFR,-1.0814000368
WP_TUMOR_SUPPRESSOR_ACTIVITY_OF_SMARCB1,51.6,0.0806604669,SMARCB1|ARID1B|SMARCA4|ARID1A|SMARCC1|GLI3|RB1|GLI2|EZH2|SMARCD2|DPF2|SMARCC2|SUZ12|GLI4|RBBP4|ACTL6A,2.9776000977
WP_TYPE_2_PAPILLARY_RENAL_CELL_CARCINOMA,35.3,0.6001961425,TFE3|PRCC|SFPQ|BIRC7|TFEB|CREBBP|SETD2|EGLN1|EP300|ARNT|EGLN2|DIAPH1,0.9279999733
WP_TYPE_I_INTERFERON_INDUCTION_AND_SIGNALING_DURING_SARS_COV_2_INFECTION,35.5,0.9344713446,STAT1|MAVS|MYD88|EIF2AK2|TRAF3|IFNAR1|IFIH1|IKBKE|OAS3|IFNAR2|TYK2,-0.1322000027
WP_TYROBP_CAUSAL_NETWORK_IN_MICROGLIA,20,0.1747222222,PPP1R18|STAT5A|SFT2D2|RPS6KA1|FKBP15|ELF4|SLC1A5|SH2B3|ZFP36L2|ABCC4|GPX1|CREB3L2,-2.2202000618
WP_T_CELL_ACTIVATION_SARS_COV_2,36.4,0.708249018,NFKB1|PLCG1|TSC1|SOS1|PDPK1|JUN|TSC2|IRF2BPL|RPTOR|RAF1|MTOR|RICTOR|MYD88|DEPTOR|ITPR1|FOXO3|BCL10|MAP2K1|IKBKB|NFATC1|IFNAR1|GRAP2|MAP2K2|GSK3B|LCK|IKBKG|MAPK3|MAPK1|FYN|CHUK|IFNAR2|TYK2,0.74150002
WP_T_CELL_ANTIGEN_RECEPTOR_TCR_PATHWAY_DURING_STAPHYLOCOCCUS_AUREUS_INFECTION,40.3,0.7322846222,NFKB1|PLCG1|PAK1|SOS1|JUN|NFATC2|RAF1|CBL|MAP3K7|BCL10|MAP2K7|NCK1|MAP2K1|IKBKB|DLG1|GRAP2|MAP2K2|GSK3B|LCK|AHSA1|IKBKG|MAPK3|FYN|CHUK|DAG1,-0.6191999912
WP_T_CELL_RECEPTOR_AND_CO_STIMULATORY_SIGNALING,35.7,0.7442879908,NFKB1|PLCG1|NFATC2|DYRK1A|DYRK2|CSNK1A1|GSK3B|LCK|PRKCA|FYN,0.6413999796
WP_T_CELL_RECEPTOR_SIGNALING_PATHWAY,49.3,0.974808457,NFKB1|PLCG1|DBNL|PAK1|MAPK14|SOS1|ATF2|GAB2|PDPK1|JUN|NFATC2|RAF1|CBL|MAP3K7|CRK|CBLB|ITPR1|BCL10|NCK1|MAP2K1|RIPK2|IKBKB|PTPN11|NFATC1|GRAP2|CDC42|SH2B3|PRKCD|MAP2K2|LCK|PTK2B|SHC1|IKBKG|MAPK3|MAPK1|FYN|CHUK,-0.0604000017
WP_UROTENSIN_II_MEDIATED_SIGNALING_PATHWAY,33.3,0.1662998288,STAT3|NFKB1|MAPK14|ESPL1|SMAD2|ICAM1|CREBBP|IKBKB|PTPN11|CTNNB1|SMAD3|CCNE1|CDK1|HDAC5|EP300|GSK3B|PRKACA|CDK2|HMOX1|MAPK3|MAPK1|EGFR|CHUK,-2.2957999706
WP_VASOPRESSIN_REGULATED_WATER_REABSORPTION,43.2,0.2760851266,DYNC1LI1|DYNC1LI2|DCTN2|DYNC1H1|RAB5B|NSF|ARHGDIA|RAB11A|VAMP2|STX4|RAB5A|RAB5C|ADCY3|DCTN4|ADCY9|PRKACA|DYNC1I2|CREB3L2|ADCY6,1.8787000179
WP_VEGFA_VEGFR2_SIGNALING,47.6,0.1896220943,SMARCA2|EIF4G1|PPM1G|HMGB1|ACACA|STAT3|HSPB1|PSMD4|PAK2|PBK|NFKB1|PLCG1|SRC|GRB10|LRRFIP2|PSMD11|PTPN1|HSP90AA1|PAK1|PRRC2C|MKNK1|PABPC1|COPG1|EPN1|MAPK14|PRKAA1|STAT1|PRKRA|GIGYF2|UBAP2L|ATF2|PRDX6|QKI|PLA2G4A|PXN|NCL|TKT|PTK2|PTPN14|CTNND1|PDPK1|JUN|NFATC2|SDCBP|ICAM1|USP10|BRD4|PRKD1|RAF1|CBL|MTOR|RPS6KB1|EIF2AK3|MAPKAPK5|AMOT|RPL18A|RPLP2|DOK1|PRKAA2|CRK|EIF3H|FLNB|MOV10|SH2D2A|EIF2A|DNAJA1|PFN1|NR4A3|TAOK2|BCAR1|FLII|RICTOR|EEA1|FAM120A|SHROOM2|PGK1|CFL1|SYNJ1|HDAC9|FHOD1|EPS15|SPIRE1|IQGAP1|CAMKK2|CREBBP|CDC42BPB|SND1|FXR2|SET|C15orf39|FOXO3|MYH9|DHX36|PRKCE|PRKD2|EPB41|RPL7|MAP2K7|CLTC|CNP|FRS2|NDRG1|RPS6|DHX29|ELK1|EIF4G2|VCL|NCK1|MAP2K1|ABL1|NUMB|MDM2|RAB11A|CTNNA1|ALDOA|ROCK2|CCDC124|PTPN11|AKT1S1|LARP7|FOXO1|HDAC4|CTNNB1|LIMK1|WASF1|GAB1|RCAN1|TUBA1C|RAB4A|RAB5A|KANK1|ANXA1|MAP2K4|ITCH|TMSB10|NFATC1|GAPDH|CAPZB|NAPA|PBXIP1|NR4A1|MEF2C|PNP|CDC42|LRRC59|LDHA|PRKCD|HDAC5|RPL26|SHB|TBCA|RAPGEF1|NR4A2|HDAC7|MYO6|GIPC1|ITGB5|RAP1A|ARPC5L|PLCB3|ITGB1|CAPN2|ADAM9|PPP1CA|MAP2K2|MYO1C|ARNT|GSK3B|LUC7L|GPX1|MAPKAP1|PRKCI|NAP1L1|PTK2B|CLIC1|ASCC3|SRPK1|SHC1|FMNL3|CSK|FAF1|SRF|ZC3H15|PTPRZ1|ABCF2|RPL5|ROCK1|TPM3|STIP1|PTMA|MAPK3|RAC1|RBM39|ETS1|EPHA2|MAPK1|CCT7|BSG|CRIP2|EIF3F|PRKCA|MAP2K3|FYN|SLC8A1|ADAM10,-2.2058000565
WP_VITAMIN_D_IN_INFLAMMATORY_DISEASES,50,0.1255038611,NFKB1|NR3C1|MAPK14|MED14|IKBKB|SMAD3|NFATC1|MAP3K1|IKBKG|MAP2K3|CHUK,-2.638999939
WP_VITAMIN_D_RECEPTOR_PATHWAY,12.4,0.282981179,TNFAIP3|MYO9B|TRAK1|CLMN|NFATC2|ATP2B1|EPHB4|MED9|MYC|JUNB|NRIP1|FOXO1|CDKAL1|ASAP2|CCNE1|ID4|BCL6|CLEC16A|CDK2|CEACAM1|SATB1|SLC8A1|LRRC8A,1.8377000093
WP_VITAMIN_D_SENSITIVE_CALCIUM_SIGNALING_IN_DEPRESSION,27.8,0.0430728692,ITPR3|KDM1B|NFE2L2|ATP2B1|KDM3A|ITPR1|GCLC|GSR|ATP2B4|SLC8A1,3.4811999798
WP_WARBURG_EFFECT_MODULATED_BY_DEUBIQUITINATING_ENZYMES_AND_THEIR_SUBSTRATES,46.2,0.2059278351,MTOR|PGK1|MYC|OTUD7B|U2AF2|FOXO1|PGAM1|LDHA|USP19|USP28|USP7|HK2,-2.0369000435
WP_WNT_BETA_CATENIN_SIGNALING_PATHWAY_IN_LEUKEMIA,38.5,0.1517214935,BCL9|TCF3|MYC|APC|PML|CTNNB1|CSNK1A1|LRP6|GSK3B|FZD6,-2.3928999901
WP_WNT_SIGNALING,30.1,0.0078703704,JUN|NFATC2|TCF7L2|MAP3K7|NFATC3|SENP2|MYC|APC|CHD8|PLCB1|ROCK2|PLCB4|CTNNB1|FOSL1|NFATC1|CSNK1A1|LRP6|PLCB3|PRICKLE2|NLK|DAAM1|DAAM2|CSNK2B|AXIN1|GSK3B|CSNK2A2|TCF7L1|FZD6|CAMK2D|RAC1|PRKCA|CSNK1E|CSNK2A1|CAMK2G,-5.0307002068
WP_WNT_SIGNALING_PATHWAY,44.7,0.5300453515,TSC1|NFATC2|TCF7L2|TSC2|MTOR|MAP3K7|BCL9|TCF3|APC|CSNK1D|CTNNB1|PI4K2A|CSNK1A1|LRP6|NLK|AXIN1|GSK3B|RAC1|MAPK1|PRKCA|CSNK1E,-1.2146999836
WP_WNT_SIGNALING_PATHWAY_AND_PLURIPOTENCY,34.7,0.0078703704,RACGAP1|CTNND1|JUN|TCF7L2|PRKD1|MAP3K7|PPM1J|PRKCH|PPP2R2A|CREBBP|PAFAH1B1|MYC|APC|PRKCE|CD44|PPP2R3A|FOXD3|CTNNB1|FOSL1|PPP2CB|MAP2K4|NFYA|LRP6|PRKCD|EP300|NLK|AXIN1|GSK3B|PRKCI|TCF7L1|FZD6|PRKCA|CSNK1E|ZBTB33|PPP2R5C,-3.9017999172