Signature ID,Percent Overlap (P924_L_p),adj p-val (P924_L_p),Overlap (P924_L_p),Score (P924_L_p)
KEGG_ACUTE_MYELOID_LEUKEMIA,28.1,0.672616535,BAD|NFKB1|RAF1|BRAF|MAPK3|MAP2K2|STAT5A|SOS1|EIF4EBP1|STAT3|MAPK1|IKBKB|ARAF|PML|IKBKG|RUNX1,0.638800025
KEGG_ADHERENS_JUNCTION,16.4,0.0968237705,MAPK3|WASF2|FYN|CREBBP|IQGAP1|MAPK1|CSNK2B|MAP3K7|WAS|EP300|LMO7|SRC,2.4934000969
KEGG_ALZHEIMERS_DISEASE,6,0.004875,BAD|ITPR3|MAPK3|ITPR1|PSEN1|GAPDH|NDUFV3|MAPK1|GSK3B|ATP2A2,3.5220000744
KEGG_AXON_GUIDANCE,13.2,0.0649001536,NCK1|PAK2|NFATC2|RGS3|PAK1|MAPK3|FYN|PAK4|PLXNC1|LIMK1|CFL1|SEMA4D|MAPK1|GSK3B|ABLIM1|PLXNA1|DPYSL2,2.6489999294
KEGG_B_CELL_RECEPTOR_SIGNALING_PATHWAY,18.7,0.1691056911,INPP5D|NFATC2|NFKB1|RAF1|MAPK3|MAP2K2|JUN|SOS1|MAPK1|LYN|IKBKB|CARD11|GSK3B|IKBKG,2.2465999126
KEGG_CALCIUM_SIGNALING_PATHWAY,6.7,0.3019670759,ITPR3|ITPR1|PTK2B|PHKA2|VDAC1|PRKCA|CAMK4|ITPKB|VDAC2|ATP2A2|PRKACA|CAMK2G,1.6104999781
KEGG_CELL_CYCLE,24.8,0.4873283364,BUB1B|RBL1|RB1|ORC1|CDK7|TTK|ANAPC1|HDAC1|PTTG1|STAG2|RBL2|CREBBP|CDC20|ANAPC2|CDK1|TFDP1|DBF4|MCM4|EP300|CCNE2|ORC2|WEE1|CDC26|GSK3B|E2F1|SMC3|ORC6|MCM2|PRKDC|CDC23|CCNB2,-1.0573999882
KEGG_CHEMOKINE_SIGNALING_PATHWAY,12.7,0.0155937625,PXN|DOCK2|NFKB1|RAF1|BRAF|PAK1|PREX1|MAPK3|STAT1|PTK2B|PRKCD|SOS1|JAK3|STAT3|MAPK1|WAS|TIAM1|LYN|IKBKB|GSK3B|IKBKG|PRKACA|ARRB1|ELMO1,4.0960001945
KEGG_CHRONIC_MYELOID_LEUKEMIA,24.7,0.0842386125,BAD|NFKB1|RAF1|BRAF|MAPK3|CBLB|RB1|MAP2K2|HDAC1|STAT5A|SOS1|MAPK1|IKBKB|BCR|ARAF|E2F1|IKBKG|RUNX1,2.6681001186
KEGG_COLORECTAL_CANCER,16.1,0.2184582555,BAD|RAF1|BRAF|MAPK3|JUN|MLH1|MAPK1|MSH6|ARAF|GSK3B,1.8107999563
KEGG_ENDOCYTOSIS,14.4,0.4582360473,AGAP2|SH3KBP1|ACAP1|EPS15|PSD4|ACAP2|CBLB|DNM1L|PIKFYVE|RAB11FIP1|RABEP1|EHD1|ARFGAP1|ARFGAP2|USP8|ARFGAP3|IQSEC1|GIT1|DAB2|TSG101|CHMP2B|SRC|ASAP1|ARRB1|VPS4B|NEDD4L,1.1475000381
KEGG_ENDOMETRIAL_CANCER,21.2,0.0849193548,BAD|RAF1|BRAF|MAPK3|MAP2K2|MLH1|SOS1|MAPK1|ARAF|PDPK1|GSK3B,2.4568998814
KEGG_ERBB_SIGNALING_PATHWAY,24.1,0.004875,NCK1|PAK2|BAD|RAF1|BRAF|PAK1|MAPK3|CBLB|MAP2K2|JUN|PAK4|STAT5A|ABL2|SOS1|PRKCA|EIF4EBP1|MAPK1|ARAF|GSK3B|SRC|CAMK2G,4.0549998283
KEGG_FC_EPSILON_RI_SIGNALING_PATHWAY,17.7,0.1664634146,INPP5D|RAF1|LAT|MAPK3|FYN|MAP2K2|PRKCD|SOS1|PRKCA|MAPK1|LYN|PDPK1|MAPK14|LCP2,2.189800024
KEGG_FC_GAMMA_R_MEDIATED_PHAGOCYTOSIS,21.9,0.004875,INPP5D|DOCK2|MARCKSL1|RAF1|LAT|PAK1|MAPK3|WASF2|DNM1L|ARPC5L|PIKFYVE|LIMK1|CFL1|PRKCD|PRKCA|MAPK1|PTPRC|WAS|LYN|ARPC1B|ASAP1,5.6834001541
KEGG_FOCAL_ADHESION,13.6,0.004875,PXN|FLNA|PPP1R12A|ARHGAP35|ZYX|PAK2|MYL9|BAD|RAPGEF1|RAF1|BRAF|ITGB7|PAK1|MAPK3|PPP1CA|FYN|PPP1CB|JUN|PAK4|SOS1|DIAPH1|PRKCA|MAPK1|ITGA4|PDPK1|GSK3B|SRC,6.5356001854
KEGG_GAP_JUNCTION,15.6,0.4482758621,ITPR3|RAF1|MAPK3|ITPR1|MAP2K2|TUBA1C|SOS1|PRKCA|CDK1|MAPK1|MAP3K2|SRC|PRKACA|TUBA4A,1.2062000036
KEGG_GLIOMA,16.9,0.1720300752,RAF1|BRAF|MAPK3|RB1|MAP2K2|SOS1|PRKCA|MAPK1|ARAF|E2F1|CAMK2G,2.1036000252
KEGG_GLYCOLYSIS_GLUCONEOGENESIS,19.4,0.0649001536,ENO1|GAPDH|PFKP|LDHA|PDHA1|PGAM1|PGM1|TPI1|GPI|ACSS2|PGK1|PGM2,-2.843100071
KEGG_GNRH_SIGNALING_PATHWAY,18.8,0.2246993988,ITPR3|RAF1|MAPK3|ITPR1|MAP2K2|PTK2B|JUN|PRKCD|SOS1|PRKCA|MAPK1|MAP3K2|MAP3K1|MAP3K3|SRC|MAPK14|PRKACA|CAMK2G|MAP3K4,1.8813999891
KEGG_HUNTINGTONS_DISEASE,7.1,0.685326087,NRF1|ITPR1|HDAC1|NDUFV3|CREBBP|VDAC1|SIN3A|EP300|DCTN2|POLR2A|RCOR1|VDAC2|HTT,0.6288999915
KEGG_INSULIN_SIGNALING_PATHWAY,21.9,0.4022102762,INPP5D|BAD|RAPGEF1|RAF1|BRAF|MAPK3|PPP1CA|CBLB|PPP1CB|MAP2K2|PRKAB1|TSC2|PHKA2|FASN|SOS1|EIF4EBP1|MAPK1|RPS6|TRIP10|IKBKB|RPTOR|ARAF|PDPK1|GSK3B|IRS2|PRKACA|PRKAR1B|PRKAR1A|TSC1|FOXO1,1.3214999437
KEGG_JAK_STAT_SIGNALING_PATHWAY,8.4,0.4113952601,CBLB|STAT4|STAT1|STAT5A|CREBBP|SOS1|JAK3|STAT3|EP300|SPRY4|IFNAR2|PIAS1|IL10RB,1.2842999697
KEGG_LEISHMANIA_INFECTION,13.9,0.0155937625,MARCKSL1|NFKB1|MAPK3|STAT1|JUN|MAPK1|ITGA4|MAP3K7|NCF4|MAPK14,3.4098000526
KEGG_LEUKOCYTE_TRANSENDOTHELIAL_MIGRATION,9.5,0.096061085,PXN|ARHGAP35|SIPA1|MYL9|PTK2B|PRKCA|ITGAL|ITGA4|NCF4|MSN|MAPK14,2.477699995
KEGG_LONG_TERM_DEPRESSION,14.3,0.004875,ITPR3|RAF1|BRAF|MAPK3|ITPR1|MAP2K2|PRKCA|MAPK1|LYN|ARAF,4.3123998642
KEGG_LONG_TERM_POTENTIATION,27.1,0.004875,PPP1R12A|RPS6KA1|ITPR3|RAF1|BRAF|MAPK3|PPP1CA|ITPR1|PPP1CB|MAP2K2|RPS6KA3|CREBBP|PRKCA|MAPK1|EP300|ARAF|CAMK4|PRKACA|CAMK2G,4.9380998611
KEGG_MAPK_SIGNALING_PATHWAY,16.1,0.004875,STMN1|FLNA|PTPN7|RPS6KA1|PAK2|JUND|NFATC2|NFKB1|RAF1|BRAF|PAK1|MAPK3|STK4|MAP4K1|ATF2|MAP2K2|RELB|RPS6KA3|HSPB1|JUN|DUSP6|ELK4|NF1|MAP4K4|SOS1|PRKCA|MAPK1|MAP3K7|IKBKB|MAP3K2|TAOK1|RPS6KA4|MAP3K1|RRAS2|MAP3K8|DAXX|IKBKG|MAP3K3|MAPK14|PRKACA|ARRB1|SRF|MAP3K4,5.6146998405
KEGG_MELANOGENESIS,9.9,0.2303532805,RAF1|MAPK3|MAP2K2|CREBBP|PRKCA|MAPK1|EP300|GSK3B|PRKACA|CAMK2G,1.8343000412
KEGG_MTOR_SIGNALING_PATHWAY,25,0.4761847195,RPS6KA1|EIF4B|BRAF|MAPK3|RPS6KA3|TSC2|EIF4EBP1|MAPK1|RICTOR|RPS6|RPTOR|PDPK1|TSC1,1.0922000408
KEGG_NATURAL_KILLER_CELL_MEDIATED_CYTOTOXICITY,15.3,0.004875,CD247|NFATC2|LCK|RAF1|BRAF|LAT|PAK1|MAPK3|FYN|SH3BP2|MAP2K2|PTK2B|SOS1|PRKCA|MAPK1|ITGAL|KLRK1|IFNAR2|ARAF|LCP2|CD244,4.0570001602
KEGG_NEUROTROPHIN_SIGNALING_PATHWAY,20.6,0.0313110499,RPS6KA1|BAD|RAPGEF1|NFKB1|RAF1|BRAF|MAPK3|KIDINS220|PSEN1|MAP2K2|RPS6KA3|JUN|PRKCD|SOS1|ARHGDIA|MAPK1|IKBKB|RPS6KA4|CAMK4|MAP3K1|PDPK1|GSK3B|MAP3K3|IRS2|MAPK14|CAMK2G,3.3280000687
KEGG_NOD_LIKE_RECEPTOR_SIGNALING_PATHWAY,16.1,0.9050834971,NFKB1|MAPK3|MAPK1|MAP3K7|IKBKB|HSP90AB1|HSP90AA1|IKBKG|MAPK14|PSTPIP1,-0.2100999951
KEGG_NON_SMALL_CELL_LUNG_CANCER,24.1,0.0303643725,BAD|RAF1|BRAF|MAPK3|STK4|RB1|MAP2K2|SOS1|PRKCA|MAPK1|ARAF|PDPK1|E2F1,3.2853000164
KEGG_NUCLEOTIDE_EXCISION_REPAIR,25,0.4911392405,CUL4A|RAD23B|CDK7|RFC1|LIG1|ERCC5|CETN2|CUL4B|DDB2|MNAT1|POLD3,-1.0795999765
KEGG_OOCYTE_MEIOSIS,19.5,0.1427187601,PPP2R5D|RPS6KA1|ITPR3|MAPK3|PPP1CA|ITPR1|PPP1CB|RPS6KA3|ANAPC1|PTTG1|SLK|CDC20|ANAPC2|CDK1|MAPK1|CCNE2|CDC26|SMC3|PRKACA|CAMK2G|CDC23|CCNB2,2.1512000561
KEGG_PANCREATIC_CANCER,21.4,0.0089193825,BAD|NFKB1|RAF1|BRAF|MAPK3|ARHGEF6|RB1|STAT1|STAT3|MAPK1|IKBKB|ARAF|RALBP1|E2F1|IKBKG,3.761300087
KEGG_PATHOGENIC_ESCHERICHIA_COLI_INFECTION,21.4,0.4986170017,NCK1|ARHGEF2|FYN|ARPC5L|TUBA1C|NCL|CTTN|PRKCA|WAS|ARPC1B|HCLS1|TUBA4A,1.0142999887
KEGG_PATHWAYS_IN_CANCER,12,0.5448838283,TPR|BAD|NFKB1|RAF1|BRAF|MAPK3|STK4|CBLB|RB1|MAP2K2|STAT1|JUN|HDAC1|MLH1|STAT5A|CREBBP|SOS1|PRKCA|STAT3|MAPK1|EP300|IKBKB|BCR|ARNT|CCNE2|HSP90AB1|CCDC6|MSH6|ARAF|PML|EGLN1|HSP90AA1|RALBP1|GSK3B|PIAS1|E2F1|IKBKG|RUNX1|FOXO1,0.918299973
KEGG_PHOSPHATIDYLINOSITOL_SIGNALING_SYSTEM,14.5,0.0715508806,INPP5D|ITPR3|PI4KB|ITPR1|PIKFYVE|SYNJ2|SYNJ1|PIK3C2A|PRKCA|CDS2|ITPKB,2.8998999596
KEGG_PROGESTERONE_MEDIATED_OOCYTE_MATURATION,20,0.9507587988,RPS6KA1|RAF1|BRAF|MAPK3|RPS6KA3|ANAPC1|ANAPC2|CDK1|MAPK1|HSP90AB1|CDC26|ARAF|HSP90AA1|MAPK14|PRKACA|CDC23|CCNB2,0.1030000001
KEGG_PROSTATE_CANCER,23.6,0.1534744037,BAD|NFKB1|RAF1|BRAF|MAPK3|RB1|MAP2K2|CREBBP|SOS1|MAPK1|EP300|IKBKB|CCNE2|HSP90AB1|ARAF|PDPK1|HSP90AA1|GSK3B|E2F1|IKBKG|FOXO1,2.2267999649
KEGG_PURINE_METABOLISM,7.5,0.764319407,POLA1|AMPD2|RRM2|NME2|NME1|POLR2A|PAICS|POLA2|IMPDH2|GMPS|POLD3|PFAS,-0.481099993
KEGG_PYRIMIDINE_METABOLISM,12.2,0.2876232202,POLA1|UCK1|RRM2|CAD|NME2|DUT|NME1|UMPS|POLR2A|CTPS1|POLA2|POLD3,1.6324000359
KEGG_REGULATION_OF_ACTIN_CYTOSKELETON,19.2,0.004875,PXN|PPP1R12A|ARHGAP35|PAK2|IQGAP2|ARHGEF1|MYL9|RAF1|BRAF|ITGB7|PAK1|MAPK3|ARHGEF6|PPP1CA|SLC9A1|WASF2|PPP1CB|MAP2K2|ARPC5L|PIKFYVE|PAK4|LIMK1|CFL1|SSH1|SOS1|DIAPH1|IQGAP1|FGD3|MAPK1|ABI2|ITGAL|ITGA4|WAS|TIAM1|MSN|ARPC1B|ARAF|GIT1|SSH2|RRAS2|MYH9,5.752600193
KEGG_RENAL_CELL_CARCINOMA,24.3,0.0531818182,PAK2|RAPGEF1|RAF1|BRAF|PAK1|MAPK3|MAP2K2|JUN|PAK4|CREBBP|SOS1|MAPK1|EP300|ARNT|ARAF|EGLN1|FLCN,3.1345999241
KEGG_RIBOSOME,15.9,0.1668449198,RPL24|RPS10|RPL18|RPS6|RPL30|RPLP2|RPS2|RPL18A|RPSA|RPL23A|RPS27|RPL4|RPS3|RPL12,-1.9910999537
KEGG_RIG_I_LIKE_RECEPTOR_SIGNALING_PATHWAY,16.9,0.259373925,MAVS|CYLD|NFKB1|IKBKE|OTUD5|MAP3K7|IKBKB|MAP3K1|TRIM25|IKBKG|MAPK14|IFIH1,1.7186000347
KEGG_RNA_DEGRADATION,27.1,0.2722768561,EDC3|PARN|ENO1|DCP1B|XRN1|XRN2|DCP1A|CNOT2|PATL1|PAPOLG|ZCCHC7|PAPOLA|CNOT3|EDC4|HSPD1|DCP2,-1.6361999512
KEGG_SPLICEOSOME,31.5,0.004875,ACIN1|PRPF6|SART1|NCBP1|RBMX|PRPF40B|SF3B1|SRSF9|PCBP1|TRA2B|U2AF2|SNW1|PRPF38B|HNRNPA3|WBP11|USP39|THOC2|CDC5L|DHX8|SF3B2|TRA2A|HNRNPA1|HNRNPK|HNRNPM|PRPF40A|SNRNP70|THOC1|RBM8A|SRSF6|CTNNBL1|RBM25|EIF4A3|MAGOHB|SLU7|HNRNPC|RBM17|SRSF1|SRSF7|U2SURP|SRSF4,-5.2130999565
KEGG_TIGHT_JUNCTION,14.4,0.9215044248,PRKCQ|VAPA|SYMPK|MYL9|SPTAN1|TJAP1|CTTN|PRKCD|EPB41L2|PRKCA|CSNK2B|PRKCH|EPB41|TJP2|EPB41L3|RRAS2|SRC|HCLS1|MYH9,0.1925999969
KEGG_TOLL_LIKE_RECEPTOR_SIGNALING_PATHWAY,12.7,0.020855615,NFKB1|MAPK3|IKBKE|MAP2K2|STAT1|JUN|MAPK1|MAP3K7|IKBKB|IFNAR2|MAP3K8|IKBKG|MAPK14,3.4121000767
KEGG_T_CELL_RECEPTOR_SIGNALING_PATHWAY,30.6,0.004875,GRAP2|PRKCQ|CD247|CD8A|NCK1|PAK2|NFATC2|CD3E|NFKB1|LCK|RAF1|LAT|PAK1|MAPK3|CBLB|FYN|MAP2K2|JUN|PAK4|CD3G|CD3D|SOS1|MAPK1|PTPRC|MAP3K7|IKBKB|CARD11|PDPK1|GSK3B|MAP3K8|IKBKG|MAPK14|LCP2,6.8050999641
KEGG_UBIQUITIN_MEDIATED_PROTEOLYSIS,17,0.0420220885,CUL4A|CBLB|UBR5|UBE4B|ANAPC1|HUWE1|BRCA1|UBA1|STUB1|CDC20|ANAPC2|TRIP12|HERC2|CDC26|PML|MAP3K1|PIAS1|CUL4B|DDB2|UBE2O|NEDD4L|WWP2|CDC23,-2.8138000965
KEGG_VASCULAR_SMOOTH_MUSCLE_CONTRACTION,16.5,0.004875,PRKCQ|PPP1R12A|ARHGEF1|MYL9|ITPR3|RAF1|BRAF|MAPK3|PPP1CA|ITPR1|PPP1CB|MAP2K2|MYL6|PRKCD|PRKCA|MAPK1|PRKCH|ARAF|PRKACA,5.9825000763
KEGG_VEGF_SIGNALING_PATHWAY,15.8,0.0257468229,PXN|BAD|NFATC2|RAF1|MAPK3|MAP2K2|HSPB1|PRKCA|SH2D2A|MAPK1|SRC|MAPK14,3.1105999947
KEGG_WNT_SIGNALING_PATHWAY,9.3,0.6312217195,PPP2R5D|NFATC2|PSEN1|JUN|CREBBP|PRKCA|CSNK2B|MAP3K7|EP300|CSNK1E|CHD8|GSK3B|PRKACA|CAMK2G,0.8140000105
WP_10Q11_21Q11_23_COPY_NUMBER_VARIATION_SYNDROME,23,0.2418147448,RIF1|JUND|ATF2|SF3B1|EIF4ENIF1|MYBBP1A|BAZ1B|DDX21|ERCC5|HSF1|MYO1C|SIRT1|SMARCC2|SIRT6,-1.7261999846
WP_16P11_2_PROXIMAL_DELETION_SYNDROME,17.1,0.2876232202,SPN|PPP2R5D|CORO1A|NFKB1|MAPK3|C16orf54|BPTF|HIRIP3|KIF22|CCDC6|MSN|PARP4|PPP4R2,1.663400054
WP_17Q12_COPY_NUMBER_VARIATION_SYNDROME,10,0.03,TAF15|LASP1|CDK12|SYNRG|MLLT6|CWC25|MED1|LIG3|FBXL20|AATF,-3.5278000832
WP_1P36_COPY_NUMBER_VARIATION_SYNDROME,10.5,0.004875,INTS10|INTS9|CCNL2|CDK11A|TRIM25|NOC2L|MEPCE|MCM2|IFIH1|ELAVL1,-5.5710000992
WP_22Q11_2_COPY_NUMBER_VARIATION_SYNDROME,11.8,0.3330599247,RAF1|PPP1CB|RCC1|RANBP1|PAK4|NCOR1|HIRIP3|DEPDC5|POLR2A|CBX5|MED15|KLHL22|DGCR8|SRF|DROSHA,-1.4925999641
WP_2Q37_COPY_NUMBER_VARIATION_SYNDROME,9,0.080888184,MAP4|JUN|HDAC4|MYO5A|HDLBP|RPS6|LRRFIP1|HJURP|CENPA|PPP1R7|RRAGC|ING5|MEF2A,-2.484400034
WP_3Q29_COPY_NUMBER_VARIATION_SYNDROME,17.2,0.1625752663,PXN|PAK2|NCBP1|JUN|STAT5A|MYCBP2|PCYT1A|NF2|SIRT1|CEP350|UBXN7,2.1528000832
WP_5Q35_COPY_NUMBER_VARIATION,9.9,0.9702449449,INPP5D|JUN|BRCA1|SOS1|ARFGAP2|RGS14|UIMC1|NSD1|SRC|DBN1|PTPN2,-0.074000001
WP_7Q11_23_COPY_NUMBER_VARIATION_SYNDROME,21.5,0.764319407,CLASP1|SQSTM1|MAPK3|CLASP2|RB1|EIF4H|HMGA1|SF3B1|GAPDH|HDAC6|MYBBP1A|LIMK1|CFL1|BAZ1B|CLIP2|LAT2|DDX21|GTF2I|MYO1C|TSG101|CHTF18|BRD4|EIF2A,0.4528000057
WP_ACUTE_VIRAL_MYOCARDITIS,17.6,0.9886303742,MAPK3|BNIP2|FYN|STAT1|ABL2|EIF4G1|SOS1|STAT3|MAPK1|ITGAL|GSK3B|DFFA|SRC|CASP2|EIF4G2,0.0208000001
WP_ADIPOGENESIS,13,0.1308441558,LMNA|NCOR2|RBL1|RB1|MEF2D|STAT1|HMGA1|NCOA2|STAT5A|RBL2|NCOR1|STAT3|GATA3|E2F1|IRS2|MEF2A|FOXO1,2.3334999084
WP_AGE_RAGE_PATHWAY,25.8,0.0577272421,NFKB1|RAF1|MAPK3|ATF2|STAT1|JUN|STAT5A|PRKCD|DIAPH1|PRKCA|STAT3|MAPK1|IKBKB|MSN|SRC|MAPK14|FOXO1,2.826100111
WP_ALZHEIMER_39_S_DISEASE,12.6,0.0155937625,BAD|ITPR3|NFKB1|RAF1|BRAF|MAPK3|ITPR1|KIF5B|KLC4|PSEN1|PSMA5|MAP2K2|GAPDH|TUBA1C|ATG2B|VDAC1|MAPK1|CSNK2B|PSMD2|KLC1|PSMD1|IKBKB|CSNK1E|RB1CC1|KLC2|ARAF|GSK3B|VDAC2|ATP2A2|IRS2|EIF2AK2|TUBA4A|AMBRA1,3.5290999413
WP_ALZHEIMER_39_S_DISEASE_AND_MIRNA_EFFECTS,12.4,0.0155937625,BAD|ITPR3|NFKB1|RAF1|BRAF|MAPK3|ITPR1|KIF5B|KLC4|PSEN1|PSMA5|MAP2K2|GAPDH|TUBA1C|ATG2B|VDAC1|MAPK1|CSNK2B|PSMD2|KLC1|PSMD1|IKBKB|CSNK1E|RB1CC1|KLC2|ARAF|GSK3B|VDAC2|ATP2A2|IRS2|EIF2AK2|TUBA4A|AMBRA1,3.852699995
WP_AMP_ACTIVATED_PROTEIN_KINASE_SIGNALING,16.4,0.1810403677,PRKAB1|TSC2|EEF2|FASN|EIF4EBP1|RPTOR|EEF2K|CAMKK2|CRTC2|ELAVL1|TSC1,-2.0994999409
WP_ANDROGEN_RECEPTOR_NETWORK_IN_PROSTATE_CANCER,32.1,0.1830349383,PXN|NDRG1|SMARCA4|BAD|RAPGEF1|RAF1|ARID1A|PAK1|MAPK3|RAD50|RB1|MAP4K1|MAP2K2|STAT1|PTK2B|JUN|TSC2|BRCA1|SOS1|EIF4EBP1|STAT3|CDK1|MAPK1|RICTOR|ABCC4|RPTOR|SMARCD2|SMARCC1|MSH6|E2F1|ACTL6A|SMARCC2|MAPK14|PRKDC|TSC1,1.9595999718
WP_ANDROGEN_RECEPTOR_SIGNALING_PATHWAY,27.6,0.992,FLNA|NCOA3|NCOR2|RB1|NCOA2|JUN|HDAC1|ZNF318|BRCA1|KAT7|NCOR1|CREBBP|STUB1|STAT3|SIN3A|EP300|RAD9A|NR2C2|SIRT1|GSK3B|PIAS1|DAXX|SRC|FOXO1,0.0149999997
WP_ANGIOPOIETIN_LIKE_PROTEIN_8_REGULATORY_PATHWAY,25.8,0.961348563,RPS6KA1|RAPGEF1|RAF1|MAPK3|CBLB|MAP4K1|MAP2K2|RPS6KA3|PRKAB1|TSC2|MAP4K4|FASN|PIK3C2A|SOS1|EIF4EBP1|MAPK1|RICTOR|MAP3K7|CAP1|TRIP10|MINK1|MAP3K2|RPTOR|RPS6KA4|MAP3K1|PDPK1|GSK3B|MAP3K8|MAP3K3|IRS2|MAPK14|MAP3K4|TSC1|FOXO1,0.075000003
WP_APOPTOSIS,11.4,0.7885052249,BAD|NFKB1|JUN|SCAF11|IKBKB|MAP3K1|IKBKG|DFFA|CASP4|CASP2,-0.453700006
WP_APOPTOSIS_MODULATION_AND_SIGNALING,14.1,0.1830349383,MADD|BAD|PEA15|NFKB1|MAPK3|JUN|IKBKB|BAG3|PTPN13|DAXX|DFFA|CASP4|CASP2,2.0448000431
WP_APOPTOSIS_RELATED_NETWORK_DUE_TO_ALTERED_NOTCH3_IN_OVARIAN_CANCER,24.5,0.004875,VIM|SERBP1|PAK2|JUND|NFKB1|SQSTM1|HSPB1|PTK2B|HDAC1|MAPK1|PKN1|BCL3|HSPD1,6.1944999695
WP_ARYL_HYDROCARBON_RECEPTOR_PATHWAY_WP2586,23.9,0.0426929392,NFKB1|RAF1|NCOR2|RB1|NF1|MAPK1|EP300|ARNT|HSP90AA1|E2F1|SRC,3.0636999607
WP_ATM_SIGNALING_IN_DEVELOPMENT_AND_DISEASE,40,0.8387096774,RIF1|TRIM28|NFKB1|RAD50|ATF2|TP53BP1|MDC1|HSPB1|TSC2|HDAC4|CDK1|LBR|NBN|HMGN1|RBBP8|IKBKG|PRKDC|RNF20,0.3143999875
WP_ATM_SIGNALING_PATHWAY,30,0.3019670759,RAD50|ATF2|TP53BP1|MDC1|JUN|BRCA1|CDK1|RAD9A|NBN|IKBKG|TLK1|CASP2,-1.534700036
WP_A_NETWORK_MAP_OF_MACROPHAGE_STIMULATING_PROTEIN_MSP_SIGNALING,23.2,0.004875,VIM|RPS6KA1|NDRG1|NFKB1|RAF1|MAPK3|PDCD4|MAP2K2|RPS6KA3|HSPB1|JUN|MAPK1|RPS6|LDHA|RPS6KA4|PDPK1|GSK3B|SRC|MAPK14,6.227399826
WP_BRAIN_DERIVED_NEUROTROPHIC_FACTOR_BDNF_SIGNALING_PATHWAY,28.5,0.0345217605,NCK1|RPS6KA1|BAD|NFKB1|RAF1|SQSTM1|MAPK3|KIDINS220|FYN|MAP2K2|STAT1|RPS6KA3|PTK2B|JUN|TSC2|KCNA3|STAT5A|EEF2|CFL1|PRKCD|EIF4EBP1|KSR1|STAT3|MAPK1|RPS6|TIAM1|IKBKB|MAP3K2|CAMK4|MAP3K1|PDPK1|GSK3B|IKBKG|YBX1|IRS2|SRC|MAPK14|MEF2A|DPYSL2,3.494699955
WP_BREAST_CANCER_PATHWAY,11.7,0.1296653797,NCOA3|RAF1|BRAF|MAPK3|RAD50|RB1|MAP2K2|JUN|BRCA1|SOS1|MAPK1|CSNK2B|NBN|ARAF|GSK3B|E2F1|NOTCH2|DDB2,2.2620999813
WP_B_CELL_RECEPTOR_SIGNALING_PATHWAY,33.7,0.0254992236,INPP5D|NCK1|RPS6KA1|NFATC2|RAPGEF1|NFKB1|LCK|RAF1|BRAF|FYN|SH3BP2|MAP4K1|ATF2|MAP2K2|JUN|PRKCD|SOS1|MAPK1|PTPRC|MAP3K7|LYN|IKBKB|LAT2|GTF2I|CARD11|PDPK1|GSK3B|IKBKG|MAPK14|HCLS1|FOXO1,3.4663999081
WP_CALCIUM_REGULATION_IN_CARDIAC_CELLS,11.3,0.1949556919,PRKCQ|STIM2|ITPR3|RGS3|RGS18|ITPR1|PRKCD|PRKCA|RGS14|PRKCH|CAMK4|ATP2A2|PRKACA|ARRB1|PRKAR1B|CAMK2G|PRKAR1A,1.9322999716
WP_CAMKK2_PATHWAY,48.5,0.8985502199,NFATC2|RAF1|SQSTM1|MAPK3|DNM1L|HDAC4|MAPK1|HMOX1|STIM1|EP300|RPTOR|CAMKK2|GIT1|SIRT1|CAMK4|TSC1,-0.2293000072
WP_CARDIAC_HYPERTROPHIC_RESPONSE,38.2,0.0267979844,NFATC2|NFKB1|RAF1|HDAC7|MAPK3|IKBKE|MAP4K1|MAP2K2|CDK7|HDAC4|PRKCA|MAPK1|MAP3K7|CDK9|IKBKB|MAP3K1|PDPK1|GSK3B|IKBKG|MAPK14|MEF2A,3.2527000904
WP_CELL_CYCLE,23.3,0.2876232202,RBL1|RB1|ORC1|CDK7|TTK|ANAPC1|HDAC1|PTTG1|STAG2|RBL2|CDC20|ANAPC2|CDK1|TFDP1|DBF4|MCM4|EP300|CCNE2|ORC2|WEE1|GSK3B|E2F1|SMC3|ORC6|MCM2|PRKDC|CDC23|CCNB2,-1.6424000263
WP_CHEMOKINE_SIGNALING_PATHWAY,13.9,0.004875,PXN|DOCK2|NFKB1|RAF1|BRAF|PAK1|PREX1|MAPK3|STAT1|PTK2B|PRKCD|SOS1|JAK3|STAT3|MAPK1|WAS|TIAM1|LYN|IKBKB|GSK3B|IKBKG|ARRB1|ELMO1,4.4180002213
WP_CHROMOSOMAL_AND_MICROSATELLITE_INSTABILITY_IN_COLORECTAL_CANCER,15.1,0.2812162,BAD|RAF1|BRAF|MAPK3|JUN|MLH1|MAPK1|MSH6|ARAF|GSK3B|DDB2,1.649799943
WP_CILIARY_LANDSCAPE,13.5,0.0592132505,VIM|IQGAP2|NFKB1|DYNC1LI1|RB1|HDAC1|DOCK5|MYL6|CEP97|CEP170|COPS5|RAB8A|WNK1|CREBBP|NUP88|IQGAP1|ARHGDIA|TBC1D4|MCM4|PGRMC2|WDR26|ARFGAP3|WEE1|SMC4|EIF5B|EHBP1|MCM2|RABEP2|RBM14,2.5771999359
WP_CIRCADIAN_RHYTHM_GENES,16.4,0.0842386125,JUND|THRAP3|PPP1CA|PPP1CB|SFPQ|RELB|NFIL3|NCOA2|RBM4|JUN|HDAC1|MYBBP1A|NCOR1|MTA1|TOP2A|SIN3A|EP300|SUV39H1|ARNT|CSNK1E|HNRNPD|SIRT1|PML|GSK3B|RAI1|DYRK1A|EZH2|TNFRSF11A|METTL3|SETX|PRKDC|GFPT1|NONO,-2.4474999905
WP_CKAP4_SIGNALING_PATHWAY_MAP,18,0.004875,VIM|CD74|NFKB1|MAP2K2|STAT1|PTK2B|JUN|DUSP6|BRCA1|ZEB1|CDK1|MAPK1|RAD9A|CD44|GSK3B|E2F1|SRC|CASP4|MAPK14|CCNB2,3.8355998993
WP_CLEAR_CELL_RENAL_CELL_CARCINOMA_PATHWAYS,31.8,0.4302587177,ACLY|SQSTM1|ENO1|PBRM1|GAPDH|AKT1S1|TSC2|CREBBP|FASN|ZEB1|KSR1|STAT3|SETD2|PFKP|LDHA|EP300|BAP1|RPTOR|ARNT|PGM1|TPI1|MDH1|GPI|PGK1|PGM2|TSC1|TOX2,-1.1852999926
WP_COHESIN_COMPLEX_CORNELIA_DE_LANGE_SYNDROME,29.4,0.3783891547,PPP2R5D|CDCA5|ESCO2|PTTG1|STAG2|NIPBL|CDK1|PDS5B|PDS5A|SMC3,-1.3813999891
WP_COMMON_PATHWAYS_UNDERLYING_DRUG_ADDICTION,24.4,0.0156281306,RAF1|MAPK3|PPP1CA|PPP1CB|MAP2K2|PRKCA|MAPK1|ARAF|CAMK4|PRKACA,3.3422999382
WP_CORTICOTROPIN_RELEASING_HORMONE_SIGNALING_PATHWAY,17.2,0.004875,PRKCQ|TRIM28|JUND|NFKB1|RAF1|BRAF|MAPK3|FOSL2|NCOA2|PRKCD|PRKCA|MAPK1|HSP90AA1|GSK3B|MAPK14|ARRB1,5.0988998413
WP_CYTOPLASMIC_RIBOSOMAL_PROTEINS,18.2,0.6949195171,RPS6KA1|RPL24|RPS6KA3|RPS10|RPL18|RPS6|RPL30|RPLP2|RPS2|RPL18A|RPSA|RPL23A|RPS27|RPL4|RPS3|RPL12,-0.6302000284
WP_DNA_DAMAGE_RESPONSE,21.7,0.2330168604,RAD50|RB1|RFC1|ATRIP|BRCA1|CDK1|RAD9A|CCNE2|NBN|PML|E2F1|DDB2|TLK1|PRKDC|CCNB2,-1.7891999483
WP_DNA_DAMAGE_RESPONSE_ONLY_ATM_DEPENDENT,10.9,0.7114471979,BAD|NFKB1|JUN|RBL2|PIK3C2A|SOS1|HMGB1|MAPK1|MAP3K7|MAP3K1|GSK3B|MAP3K4,0.5647000074
WP_DNA_IR_DAMAGE_AND_CELLULAR_RESPONSE_VIA_ATR,32.1,0.0089108911,TRIM28|RAD50|TP53BP1|MDC1|MLH1|ATRIP|BRCA1|CDK1|UIMC1|WRN|UPF1|RAD9A|NBN|HERC2|RECQL5|BRIP1|PML|RECQL4|E2F1|RBBP8|IKBKG|CLSPN|SMARCC2|MCM2|PRKDC|SMARCAL1,-3.5599999428
WP_DNA_IR_DOUBLE_STRAND_BREAKS_AND_CELLULAR_RESPONSE_VIA_ATM,29.1,0.8907563025,RIF1|TRIM28|RAD50|ATF2|TP53BP1|MDC1|BRCA1|UPF1|RAD9A|NBN|HSF1|E2F1|ACTL6A|SMC3|TERF2|PRKDC,-0.2741000056
WP_DNA_REPAIR_PATHWAYS_FULL_NETWORK,23.3,0.1786317568,CUL4A|RAD23B|XRCC1|RAD50|CDK7|RFC1|MLH1|BRCA1|MGMT|POLM|HMGB1|PNKP|LIG1|WRN|UNG|NBN|ERCC5|CETN2|MSH6|BRIP1|XRCC6|CUL4B|LIG3|DDB2|TERF2|MNAT1|POLD3|PRKDC,-2.0346999168
WP_DNA_REPLICATION,23.8,0.2812162,POLA1|ORC1|RFC1|DBF4|MCM4|ORC2|POLA2|ORC6|MCM2|POLD3,-1.6999000311
WP_DYRK1A_INVOLVEMENT_REGARDING_CELL_PROLIFERATION_IN_BRAIN_DEVELOPMENT,27.4,0.0309278351,RBL1|PSEN1|AKT1S1|TSC2|RBL2|TFAP4|TFDP1|RPTOR|LIN52|RAD54L2|SIRT1|GSK3B|DYRK1A|EIF2B5|LIN54|TSC1|FOXO1,-3.3747000694
WP_EBOLA_VIRUS_INFECTION_IN_HOST,14,0.004875,FLNA|NFKB1|PAK1|EPS15|PRKRA|MAPK3|IKBKE|RELB|STAT1|RFC1|CREBBP|IQGAP1|MAPK1|ITGA4|TIAM1|EP300|TSG101|EIF2AK2,5.0251002312
WP_ECTODERM_DIFFERENTIATION,14.1,0.1720300752,NUMA1|ARHGAP15|WDR44|CCDC88C|JAKMIP1|FYN|HDAC6|BCOR|ABCC4|NF2|BCAS3|PTPN13|PHF8|RAB8B|PGM1|RRBP1|MECP2|BAZ1A|GRAMD1B|GAS2L1,2.1679999828
WP_EFFECT_OF_PROGERIN_ON_GENES_INVOLVED_IN_HUTCHINSON_GILFORD_PROGERIA_SYNDROME,27,0.4520903716,CHD4|RB1|HDAC1|MTA1|SUV39H1|MTA2|CBX5|CBX3|E2F1|CHD3,-1.2089999914
WP_EGFR_TYROSINE_KINASE_INHIBITOR_RESISTANCE,20.2,0.1274330687,BAD|RAF1|BRAF|MAPK3|MAP2K2|NF1|SOS1|PRKCA|EIF4EBP1|STAT3|MAPK1|RPS6|ARAF|PDPK1|RRAS2|GSK3B|SRC,2.5211000443
WP_EGF_EGFR_SIGNALING_PATHWAY,32.1,0.004875,STMN1|INPP5D|NCK1|RPS6KA1|ABI1|ARHGEF1|JUND|NCOA3|SH3KBP1|RAF1|BRAF|PAK1|EPS15|CBLB|MAP4K1|MEF2D|MAP2K2|STAT1|RPS6KA3|PTK2B|JUN|ELK4|STAT5A|EPS15L1|ATXN2|CFL1|SYNJ1|PRKCD|SOS1|USP8|IQGAP1|PRKCA|EIF4EBP1|STAT3|SH2D2A|MAPK1|RICTOR|MAP3K2|IQSEC1|MAP3K1|PDPK1|RALBP1|E2F1|MAP3K3|SRC|MAPK14|ASAP1|MAP3K4|PTPN12|MEF2A|FOXO1,4.8176999092
WP_EMBRYONIC_STEM_CELL_PLURIPOTENCY_PATHWAYS,8.6,0.1818181818,RAF1|BRAF|MAP2K2|JUN|ACTR2|SOS1|STAT3|MAPK1|ARAF|GSK3B,1.9342999458
WP_ENDODERM_DIFFERENTIATION,15.4,0.3019670759,STAT1|AEBP2|UBR5|ELK4|RFX7|CDYL|BPTF|CEP250|TRERF1|NME1|EOMES|TBX21|DAB2|PIAS1|WDHD1|CUL4B|PHF6|LEO1|EZH2|EMSY|ELAVL1|FOXO1,-1.5951000452
WP_ENDOMETRIAL_CANCER,17.5,0.185008914,BAD|RAF1|BRAF|MAPK3|MAP2K2|SOS1|MAPK1|ARAF|PDPK1|GSK3B|DDB2,2.0416998863
WP_ENERGY_METABOLISM,31.2,0.1497975709,NRF1|ATF2|MEF2D|PRKAB1|HDAC1|MYBBP1A|EP300|MED1|SIRT1|CAMK4|GSK3B|MAPK14|CAMK2G|MEF2A|FOXO1,-2.2351999283
WP_ENVELOPE_PROTEINS_AND_THEIR_POTENTIAL_ROLES_IN_EDMD_PHYSIOPATHOLOGY,28.3,0.2246993988,PLEC|EMD|TMPO|MAPK3|KIF5B|MAP2K2|SYNE2|CFL1|SOS1|MAPK1|SYNE1|LBR|SRF,1.7839000225
WP_EPITHELIAL_TO_MESENCHYMAL_TRANSITION_IN_COLORECTAL_CANCER,8.1,0.5019836022,RAF1|PAK1|MAPK3|MEF2D|MAP2K2|ZEB1|SOS1|MAPK1|NR2C2|GSK3B|NOTCH2|EZH2|MAPK14,1.005499959
WP_EPO_RECEPTOR_SIGNALING,42.3,0.282522495,RAF1|MAPK3|MAP2K2|STAT1|STAT5A|SOS1|STAT3|MAPK1|PTPRC|IRS2|SRC,1.6254999638
WP_ERBB_SIGNALING_PATHWAY,25.6,0.004875,NCK1|PAK2|BAD|RAF1|BRAF|PAK1|MAPK3|CBLB|MAP2K2|JUN|PAK4|STAT5A|ABL2|SOS1|PRKCA|EIF4EBP1|MAPK1|ARAF|PDPK1|GSK3B|SRC|CAMK2G|FOXO1,3.6507999897
WP_FAS_LIGAND_PATHWAY_AND_STRESS_INDUCTION_OF_HEAT_SHOCK_PROTEINS,39.5,0.0089108911,LMNB2|PAK2|LMNA|SPTAN1|PAK1|RB1|HSPB1|JUN|MAP3K7|ACTA1|LMNB1|MAP3K1|DAXX|NFX1|DFFA|FAF1|PRKDC,3.4583001137
WP_FOCAL_ADHESION,14.1,0.004875,PXN|FLNA|PPP1R12A|ARHGAP35|ZYX|PAK2|MYL9|BAD|RAPGEF1|RAF1|BRAF|ITGB7|PAK1|MAPK3|PPP1CA|FYN|PPP1CB|JUN|PAK4|PPP1R12C|SOS1|DIAPH1|PRKCA|MAPK1|ITGA4|PDPK1|GSK3B|SRC,6.7680997849
WP_FOCAL_ADHESION_PI3K_AKT_MTOR_SIGNALING_PATHWAY,11.3,0.2208435691,PPP2R5D|BAD|SLC2A3|EIF4B|RAF1|ITGB7|MAPK3|TBC1D1|ATF2|MAP2K2|AKT1S1|TSC2|RAB8A|PIK3C2A|SOS1|JAK3|EIF4EBP1|MAPK1|ITGAL|ITGA4|RPS6|IKBKB|RPTOR|HSP90AB1|IFNAR2|PDPK1|HSP90AA1|CRTC2|GSK3B|IKBKG|IRS2|ELAVL1|TSC1|FOXO1,1.8890000582
WP_FOLLICLE_STIMULATING_HORMONE_FSH_SIGNALING_PATHWAY,45.8,0.7156794425,RAF1|MAPK3|TSC2|PRKCA|EIF4EBP1|MAPK1|RPS6|SRC|MAPK14|PRKACA|FOXO1,-0.5615000129
WP_FRAGILE_X_SYNDROME,20.7,0.3508093427,AGAP2|RAF1|BRAF|PPP1CA|ITPR1|SLC16A1|FYN|MAP2K2|AKT1S1|TSC2|NF1|EIF4G1|AKAP5|SOS1|PRKCA|MAPK1|RPTOR|EIF4EBP2|ARAF|CAMK4|MECP2|SRC|PRKACA|PRKAR1A|TSC1,1.3862999678
WP_G13_SIGNALING_PATHWAY,28.9,0.7928960756,IQGAP2|ARHGEF1|PPP1CB|LIMK1|CFL1|CIT|DIAPH1|IQGAP1|WAS|PKN1|MAP3K4,0.4329000115
WP_G1_TO_S_CELL_CYCLE_CONTROL,21.9,0.1720300752,RB1|ORC1|CDK7|CDK1|TFDP1|MCM4|CCNE2|ORC2|WEE1|E2F1|POLA2|ORC6|MCM2|MNAT1,-2.0680000782
WP_GASTRIN_SIGNALING_PATHWAY,27,0.004875,PRKCQ|PXN|BAD|NFKB1|PRKD2|RAF1|HDAC7|PAK1|MAPK3|SLC9A1|FYN|ATF2|MEF2D|JUN|PRKCD|SOS1|PRKCA|EIF4EBP1|STAT3|MAPK1|RPS6|PRKCH|IKBKB|CD44|GSK3B|SRC|MAPK14|PRKACA|ARRB1|ELAVL1|FOXO1,4.0023999214
WP_GLIOBLASTOMA_SIGNALING_PATHWAYS,26.8,0.2876232202,PRKCQ|RAF1|BRAF|MAPK3|RB1|MAP2K2|TSC2|NF1|BRCA1|PIK3C2A|PRKCD|PRKCA|MAPK1|PRKCH|EP300|MSH6|ARAF|PDPK1|E2F1|SRC|TSC1|FOXO1,1.6029000282
WP_GLYCOLYSIS_AND_GLUCONEOGENESIS,24.4,0.3246646027,SLC2A3|ENO1|GAPDH|PFKP|LDHA|PDHA1|PGAM1|TPI1|MDH1|GPI|PGK1,-1.4629000425
WP_G_PROTEIN_SIGNALING_PATHWAYS,17.6,0.2565789474,PRKCQ|AKAP13|ARHGEF1|ITPR1|SLC9A1|AKAP1|PRKD3|AKAP11|AKAP5|PRKCD|PRKCA|PRKCH|AKAP10|PRKACA|PRKAR1B|PRKAR1A,1.7273999453
WP_HEAD_AND_NECK_SQUAMOUS_CELL_CARCINOMA,14.9,0.8644693951,NFKB1|RB1|TSC2|EIF4EBP1|RICTOR|RPS6|RPTOR|PDPK1|E2F1|NOTCH2|TSC1,0.2976000011
WP_HEPATITIS_B_INFECTION,20.5,0.0155937625,MAVS|BAD|NFATC2|NFKB1|RAF1|BRAF|MAPK3|STAT4|IKBKE|ATF2|MAP2K2|STAT1|PTK2B|JUN|STAT5A|CREBBP|SOS1|PRKCA|JAK3|STAT3|MAPK1|MAP3K7|EP300|IKBKB|ARAF|MAP3K1|IKBKG|SRC|DDB2|MAPK14|IFIH1,3.9972999096
WP_HEPATITIS_C_AND_HEPATOCELLULAR_CARCINOMA,17.9,0.4982323638,NFKB1|MAPK3|RRM2|JUN|BRCA1|CTTN|SOS1|STAT3|CD44|MAPK14,1.0662000179
WP_HEPATOCYTE_GROWTH_FACTOR_RECEPTOR_SIGNALING,38.2,0.0089108911,PXN|RAPGEF1|RAF1|PAK1|MAPK3|MAP4K1|MAP2K2|PTK2B|JUN|SOS1|STAT3|MAPK1|SRC,4.2574000359
WP_HIPPO_MERLIN_SIGNALING_DYSREGULATION,12.4,0.0155937625,PPP1R12A|CUL4A|PAK2|ITGB7|PAK1|PPP1CA|PPP1CB|PAK4|ITGAL|ITGA4|NF2|CD44|PRKACA|PRKAR1B|PRKAR1A,3.7290999889
WP_HIPPO_SIGNALING_REGULATION_PATHWAYS,10.2,0.3966101695,PRKCQ|PRKAB1|PRKD3|PRKCD|PRKCA|PRKCH|NF2|PRKACA|PRKAR1B|PRKAR1A,1.3723000288
WP_HOST_PATHOGEN_INTERACTION_OF_HUMAN_CORONAVIRUSES_INTERFERON_INDUCTION,36.4,0.3071463296,MAVS|NFKB1|IKBKE|STAT1|JUN|MAP3K7|IKBKB|IFNAR2|IKBKG|EIF2AK2|MAPK14|IFIH1,1.5737999678
WP_HOST_PATHOGEN_INTERACTION_OF_HUMAN_CORONAVIRUSES_MAPK_SIGNALING,30.6,0.020855615,RPS6KA1|RAF1|MAPK3|ATF2|MAP2K2|RPS6KA3|JUN|MAPK1|MAP3K1|MAPK14|MAP3K4,3.4837999344
WP_IL6_SIGNALING_PATHWAY,27.9,0.0254992236,BAD|MAPK3|MAP2K2|STAT1|HDAC1|CREBBP|PRKCD|SOS1|STAT3|MAPK1|MAP3K7|GSK3B,3.2588999271
WP_IL_18_SIGNALING_PATHWAY,21.4,0.2314572304,NFKB1|LCK|MAPK3|HSPB1|PRKCD|PRKCA|MAPK1|MAP3K7|IKBKB|GSK3B|MEF2A|ELAVL1,1.8005000353
WP_IL_1_SIGNALING_PATHWAY,27.8,0.0090466249,NFKB1|SQSTM1|MAPK3|ATF2|MAP2K2|JUN|MAPK1|MAP3K7|IKBKB|MAP3K2|IL1RAP|MAP3K1|IKBKG|MAP3K3|MAPK14,3.5631999969
WP_IL_24_SIGNALING_PATHWAY,16.5,0.8480879281,MKI67|NDRG1|BAD|SQSTM1|MAPK3|RB1|ATF2|STAT1|SF3B1|HSPB1|JUN|EIF4G1|CREBBP|EIF4EBP1|TOP2A|STAT3|CDK1|MAPK1|PTPRC|RPS6|MVD|IKBKB|MAP3K2|NAA10|MAP3K1|CD44|CENPA|HSP90AA1|GSS|GSK3B|IKBKG|SRC|EIF2AK2|CASP4|MAPK14|PRKACA|EIF2A|BSG|CASP2,0.3361000121
WP_IL_2_SIGNALING_PATHWAY,35.1,0.020855615,LCK|RAF1|MAPK3|FYN|MAP2K2|STAT1|PTK2B|STAT5A|SOS1|JAK3|STAT3|MAPK1|RPS6,3.8111000061
WP_IL_3_SIGNALING_PATHWAY,28.6,0.1281665069,INPP5D|BAD|RAPGEF1|RAF1|MAPK3|FYN|JUN|STAT5A|SOS1|STAT3|MAPK1|LYN|SRC|PRKACA,2.4916000366
WP_IL_4_SIGNALING_PATHWAY,32,0.0345200629,FLNA|INPP5D|BAD|NFKB1|MAPK3|ATF2|STAT1|STAT5A|SOS1|JAK3|STAT3|MAPK1|EP300|IKBKB|IRS2|MAPK14,3.323800087
WP_IL_5_SIGNALING_PATHWAY,35.1,0.0155937625,RPS6KA1|RAF1|MAPK3|MAP2K2|STAT1|JUN|STAT5A|SOS1|STAT3|MAPK1|RPS6|LYN|GSK3B,3.1352000237
WP_IL_7_SIGNALING_PATHWAY,55,0.004875,BAD|MAPK3|FYN|MAP2K2|STAT1|PTK2B|STAT5A|JAK3|STAT3|MAPK1|GSK3B,3.9862999916
WP_INSULIN_SIGNALING,26.2,0.3462729713,PRKCQ|RPS6KA1|RAPGEF1|RAF1|MAPK3|CBLB|KIF5B|MAP4K1|MAP2K2|RPS6KA3|STX4|JUN|TSC2|EHD1|MAP4K4|PIK3C2A|PRKCD|SOS1|PRKCA|EIF4EBP1|MAPK1|TBC1D4|MAP3K7|CAP1|PRKCH|MINK1|IKBKB|MAP3K2|RPS6KA4|MYO1C|SNAP23|MAP3K1|PDPK1|GSK3B|MAP3K8|MAP3K3|IRS2|MAPK14|SRF|MAP3K4|TSC1|FOXO1,1.4399000406
WP_INTEGRIN_MEDIATED_CELL_ADHESION,18.6,0.004875,PXN|ZYX|PAK2|RAPGEF1|RAF1|BRAF|ITGB7|PAK1|FYN|MAP2K2|PAK4|SOS1|MAPK1|ITGAL|ITGA4|TNS1|ARAF|PDPK1|SRC,3.956099987
WP_INTERFERON_TYPE_I_SIGNALING_PATHWAYS,35.2,0.1427187601,RAPGEF1|EIF4B|LCK|STAT4|PDCD4|FYN|STAT1|STAT5A|EIF4EBP1|STAT3|PTPRC|RPS6|RPTOR|RPS6KA4|IFNAR2|MAP3K1|PIAS1|IRS2|MAPK14,2.1261000633
WP_INTERLEUKIN_11_SIGNALING_PATHWAY,29.5,0.020855615,RPS6KA1|RAF1|MAPK3|FYN|MAP2K2|STAT1|STAT3|MAPK1|RPS6|IKBKB|PDPK1|PIAS1|SRC,3.701499939
WP_INTERLEUKIN_1_IL_1_STRUCTURAL_PATHWAY,25.5,0.020855615,NFKB1|MAPK3|ATF2|MAP2K2|MAPK1|SAFB|MAP3K7|IKBKB|IL1RAP|MAP3K1|MAP3K8|MAPK14,2.9163999557
WP_KISSPEPTIN_KISSPEPTIN_RECEPTOR_SYSTEM_IN_THE_OVARY,25.6,0.004875,PRKCQ|NFKB1|RAF1|MAPK3|MAP2K2|PRKCD|PRKCA|MAPK1|PRKCH|ARRB1,4.0824999809
WP_KIT_RECEPTOR_SIGNALING_PATHWAY,37.7,0.004875,INPP5D|RPS6KA1|DOK1|BAD|RAF1|MAPK3|FYN|MAP2K2|STAT1|RPS6KA3|STAT5A|SOS1|PRKCA|STAT3|MAPK1|RPS6|LYN|EP300|SRC|MAPK14,4.3874001503
WP_LEPTIN_SIGNALING_PATHWAY,28.2,0.0383858268,RPS6KA1|BAD|NFKB1|RAF1|MAPK3|FYN|MAP2K2|STAT1|KHDRBS1|SOS1|EIF4EBP1|STAT3|MAPK1|RPS6|IKBKB|GSK3B|IKBKG|SRC|MAPK14|FOXO1,3.0276999474
WP_MALE_INFERTILITY,9.7,0.8644693951,RFC1|HMGA1|KDM3A|MLH1|CREBBP|CCNT2|USP8|CDK9|EP300|PUM2|LRWD1|CCNK|ABLIM1|DDX20,0.2732999921
WP_MAPK_CASCADE,39.4,0.4637046308,SIPA1|RAF1|BRAF|MAPK3|MAP2K2|JUN|SOS1|MAPK1|MAP3K2|ARAF|MAP3K1|MAP3K3|MAPK14,1.1674000025
WP_MAPK_SIGNALING_PATHWAY,17,0.004875,STMN1|FLNA|PTPN7|PAK2|JUND|NFKB1|RAF1|BRAF|PAK1|MAPK3|STK4|MAP4K1|ATF2|MAP2K2|RELB|RPS6KA3|HSPB1|JUN|DUSP6|ELK4|NF1|MAP4K4|PRKCD|SOS1|PRKCA|MAPK1|MAP3K7|IKBKB|MAP3K2|TAOK1|RPS6KA4|ARAF|MAP3K1|RRAS2|MAP3K8|DAXX|IKBKG|MAPK14|PRKACA|ARRB1|SRF|MAP3K4,5.7087001801
WP_MEASLES_VIRUS_INFECTION,19.1,0.004875,MAVS|BAD|SLAMF1|CD3E|NFKB1|CBLB|IKBKE|STAT1|JUN|STAT5A|EIF3H|CD3G|CD3D|JAK3|STAT3|CSNK2B|MAP3K7|IKBKB|CCNE2|IFNAR2|MSN|EIF2AK4|ADAR|IKBKG|EIF2AK2|IFIH1,4.315100193
WP_MECHANOREGULATION_AND_PATHOLOGY_OF_YAP_TAZ_VIA_HIPPO_AND_NON_HIPPO_MECHANISMS,21.3,0.1121011785,PAK2|ITGB7|PAK1|MAP4K1|PAK4|MAP4K4|ACTA1|LIMD1|NF2|SRC,2.5376000404
WP_MECP2_AND_ASSOCIATED_RETT_SYNDROME,17.8,0.2189566044,HNRNPH1|HDAC1|NF1|NCOR1|RPS6|SIN3A|PSIP1|MECP2|E2F1|YBX1|EZH2|HNRNPF|SMC3,-1.9867999554
WP_MELANOMA,19.1,0.0309278351,BAD|RAF1|BRAF|PAK1|MAPK3|RB1|MAP2K2|NF1|SOS1|MAPK1|ARAF|E2F1|DDB2,3.2927999496
WP_MESODERMAL_COMMITMENT_PATHWAY,15,0.4986170017,TRIM28|AEBP2|UBR5|ELK4|CCDC88A|ADAM19|SETD2|CEP250|TRERF1|GATA3|CCDC6|EOMES|PIAS1|WDHD1|CUL4B|PHF6|PRKACA|EMSY|SRF|PRKAR1A|MACF1|HTT,-1.0233000517
WP_METABOLIC_EPILEPTIC_DISORDERS,13,0.2812162,SLC2A3|ENO1|GAPDH|PFKP|LDHA|PDHA1|PGAM1|TPI1|MDH1|GPI|SLC1A5|PGK1,-1.630499959
WP_METABOLIC_REPROGRAMMING_IN_COLON_CANCER,33.3,0.3462729713,ACLY|SLC16A3|ENO1|GAPDH|FASN|LDHA|PDHA1|PGAM1|PAICS|GPI|TALDO1|SLC1A5|PGK1|TKT,-1.3272000551
WP_METABOLIC_REPROGRAMMING_IN_PANCREATIC_CANCER,23.8,0.5792079208,ACLY|SLC16A1|FASN|LDHA|PDHA1|PGM3|MDH1|GPI|SLC1A5|GFPT1,-0.8360000253
WP_MET_IN_TYPE_1_PAPILLARY_RENAL_CELL_CARCINOMA,28.8,0.0254992236,PAK2|BAD|RAPGEF1|RAF1|BRAF|PAK1|MAPK3|MAP2K2|JUN|PAK4|SOS1|JAK3|STAT3|MAPK1|ARAF|SRC|TFE3,3.1967000961
WP_MICRORNAS_IN_CARDIOMYOCYTE_HYPERTROPHY,17.3,0.0336569579,NFKB1|RAF1|HDAC7|MAPK3|IKBKE|MAP2K2|CDK7|HDAC4|STAT3|MAPK1|CDK9|IKBKB|PDPK1|GSK3B|MYEF2|IKBKG|MAPK14|EIF2B5,3.0589001179
WP_MICROTUBULE_CYTOSKELETON_REGULATION,39.1,0.0959690649,STMN1|CLASP1|PAK1|MARK2|CLIP1|PTPRA|LIMK1|DIAPH1|PRKCA|STAT3|CDK1|TIAM1|TAOK1|CAMK4|GSK3B|SRC|PRKACA|DPYSL2,2.5868999958
WP_MIRNA_REGULATION_OF_DNA_DAMAGE_RESPONSE,20.5,0.2546109104,RAD50|RB1|RFC1|ATRIP|BRCA1|CDK1|RAD9A|CCNE2|NBN|PML|E2F1|DDB2|TLK1|PRKDC|CCNB2,-1.815500021
WP_MIRNA_REGULATION_OF_PROSTATE_CANCER_SIGNALING_PATHWAYS,32.3,0.2876232202,BAD|NFKB1|RAF1|MAP2K2|CREBBP|SOS1|MAPK1|GSK3B|IKBKG|FOXO1,1.641100049
WP_MODULATORS_OF_TCR_SIGNALING_AND_T_CELL_ACTIVATION,37.7,0.004875,GRAP2|PRKCQ|CD247|CD5|CD8A|CD3E|NFKB1|LCK|LAT|CBLB|MAP4K1|MEF2D|UBASH3A|RPRD1B|CD3G|CD3D|IKBKB|CARD11|PDPK1|MAP3K8|IKBKG|LCP2|PCBP2,5.8461999893
WP_MRNA_PROCESSING,34.1,0.004875,PRPF6|CPSF1|NCBP1|HNRNPH1|SRRM1|RBMX|SFPQ|SF3B1|SRSF9|CLASRP|TRA2B|XRN2|HNRNPA2B1|U2AF2|DHX8|SF3B2|CLK3|HNRNPA1|SUPT5H|RNPS1|POLR2A|HNRNPK|RBM39|PRPF4B|HNRNPM|PABPN1|PRPF40A|SNRNP70|HNRNPD|SRSF6|PTBP1|YBX1|DDX20|PAPOLA|METTL3|DDX1|HNRNPC|RBM17|SRSF1|SRSF7|NONO|PCBP2|SRSF4,-7.1311001778
WP_MYOMETRIAL_RELAXATION_AND_CONTRACTION_PATHWAYS,12.2,0.0649001536,PRKCQ|ITPR3|NFKB1|RGS3|RGS18|ITPR1|ATF2|JUN|PRKCD|PRKCA|RGS14|ACTA1|PRKCH|ATP2A2|PRKACA|ARRB1|PRKAR1B|CAMK2G|PRKAR1A,2.8306999207
WP_NETRIN_UNC5B_SIGNALING_PATHWAY,26.9,0.004875,INPP5D|AGAP2|RAF1|MAPK3|PPP1CA|FYN|MAP2K2|PTK2B|JUN|PRKCA|MAPK1|SRC|MAPK14|RLF,4.5072999001
WP_NETWORK_MAP_OF_SARS_COV_2_SIGNALING_PATHWAY,11.5,0.004875,PRKCQ|IL16|CD247|CD8A|MAVS|CD3E|LCK|FYN|STAT1|AKT1S1|RRM2|JUN|CD3G|LARP1|EIF4EBP1|CDK1|GTSE1|RPS6|RPTOR|CAMK4|CARD11|PIAS1|IKBKG|IFIH1|CCNB2,5.0770001411
WP_NEUROINFLAMMATION_AND_GLUTAMATERGIC_SIGNALING,12.1,0.0919377652,SLC2A3|NFKB1|MAPK3|PPP1CA|PPP1CB|STAT1|CFL1|PRKCA|STAT3|MAPK1|SLC38A1|PDHA1|CAMKK2|CAMK4|IL10RB|PRKACA|CAMK2G,2.4316000938
WP_NF1_COPY_NUMBER_VARIATION_SYNDROME,14.8,0.004875,DNMT1|EVL|EVI2B|MAVS|RAF1|MAPK3|NF1|LIMK1|CFL1|SOS1|MAPK1|SUPT5H|MAP3K2|RAD9A|CCNE2|MAP3K1,4.2115001678
WP_NON_GENOMIC_ACTIONS_OF_1_25_DIHYDROXYVITAMIN_D3,20,0.4582360473,PRKCQ|NFKB1|MAPK3|RELB|STAT1|JUN|PRKCD|PRKCA|MAPK1|PRKCH|IKBKB|MED1|IFNAR2|MAPK14|CAMK2G,1.1375000477
WP_NON_SMALL_CELL_LUNG_CANCER,23.6,0.1296653797,BAD|RAF1|BRAF|MAPK3|STK4|RB1|MAP2K2|STAT5A|SOS1|PRKCA|JAK3|STAT3|MAPK1|ARAF|E2F1|EML4|DDB2,2.5095999241
WP_NOTCH_SIGNALING_PATHWAY,24.1,0.1281665069,NFKB1|LCK|NCOR2|PSEN1|SPEN|HDAC1|NCOR1|SNW1|STAT3|EP300|GSK3B|SRC|NOTCH2,2.2788999081
WP_NOVEL_INTRACELLULAR_COMPONENTS_OF_RIG_I_LIKE_RECEPTOR_PATHWAY,21.7,0.2249529781,MAVS|CYLD|NFKB1|IKBKE|OTUD5|SNW1|MAP3K7|IKBKB|MAP3K1|TRIM25|IKBKG|MAPK14|IFIH1,1.9084000587
WP_NUCLEAR_RECEPTORS_META_PATHWAY,6.7,0.4247011952,AKAP13|JUND|NCOA3|SLC2A3|SQSTM1|NCOA2|JUN|FASN|STAT3|CDK1|HMOX1|ABCC4|KTN1|EP300|ARNT|HSP90AB1|SLC6A6|HSP90AA1|IRS2|SRC|FOXO1,1.2562999725
WP_NUCLEOTIDE_EXCISION_REPAIR,25,0.4755288158,CUL4A|RAD23B|CDK7|RFC1|LIG1|ERCC5|CETN2|CUL4B|DDB2|MNAT1|POLD3,-1.0546000004
WP_NUCLEOTIDE_EXCISION_REPAIR_IN_XERODERMA_PIGMENTOSUM,22.7,0.2840649336,CUL4A|RAD23B|GPS1|XRCC1|CDK7|RFC1|BRCA1|SLX4|LIG1|RAD18|CETN2|HMGN1|CUL4B|LIG3|DDB2|MNAT1|POLD3,-1.6371999979
WP_ONCOSTATIN_M_SIGNALING_PATHWAY,33.9,0.004875,PXN|JUND|NFKB1|RAF1|MAPK3|MAP2K2|STAT1|PTK2B|PRKCD|SOS1|PRKCA|JAK3|STAT3|MAPK1|RICTOR|RPS6|PRKCH|SRC|MAPK14,4.2009000778
WP_OREXIN_RECEPTOR_PATHWAY,18.2,0.4652884912,RPS6KA1|EIF4B|MAPK3|MAP2K2|PRKCD|PRKCA|EIF4EBP1|STAT3|MAPK1|RPS6|CAMKK2|PDPK1|MAPK14|ARRB1|RRAGC|FOXO1,1.0881999731
WP_OSTEOBLAST_DIFFERENTIATION_AND_RELATED_DISEASES,9.3,0.2104797259,PRKCQ|MAPK3|STAT1|PIK3C2A|PRKCD|PRKCA|MAPK1|PRKCH|NOTCH2|MAPK14|PRKDC,1.9829000235
WP_PANCREATIC_ADENOCARCINOMA_PATHWAY,25.8,0.004875,PAK2|BAD|NFKB1|RAF1|BRAF|PAK1|MAPK3|ARHGEF6|RB1|MAP2K2|STAT1|PAK4|DUSP6|PRKCD|STAT3|MAPK1|TIAM1|IKBKB|ARAF|RALBP1|E2F1|IKBKG|DDB2,5.0657000542
WP_PATHOGENIC_ESCHERICHIA_COLI_INFECTION,21.8,0.4911392405,NCK1|ARHGEF2|FYN|ARPC5L|TUBA1C|NCL|CTTN|PRKCA|WAS|ARPC1B|HCLS1|TUBA4A,1.0355000496
WP_PATHWAYS_AFFECTED_IN_ADENOID_CYSTIC_CARCINOMA,27.7,0.9759528131,RAF1|ARID1A|MAP2K2|BRCA1|NCOR1|BCOR|CREBBP|SRCAP|SETD2|EP300|ARID4B|KANSL1|UHRF1|NSD1|ATRX|TLK1|SMARCA2|PRKDC,-0.061999999
WP_PDGFR_BETA_PATHWAY,37.9,0.5031,RAF1|MAPK3|STAT1|JUN|STAT5A|SOS1|PRKCA|STAT3|MAP3K1|EIF2AK2|SRF,0.9494000077
WP_PDGF_PATHWAY,32.5,0.167115728,NFKB1|RAF1|PAK1|MAPK3|STAT1|JUN|SOS1|STAT3|MAPK1|TIAM1|MAP3K1|SRC|SRF,2.1222999096
WP_PHYSICO_CHEMICAL_FEATURES_AND_TOXICITY_ASSOCIATED_PATHWAYS,16.7,0.1472148541,NCK1|RAF1|PAK1|JUN|STAT5A|ACTR2|SOS1|MAPK1|ACTA1|GSK3B|SRC,2.2915999889
WP_PI3K_AKT_SIGNALING_PATHWAY,8.8,0.2876232202,PPP2R5D|BAD|NFKB1|EIF4B|RAF1|ITGB7|MAPK3|ATF2|MAP2K2|TSC2|BRCA1|RBL2|SOS1|PRKCA|JAK3|EIF4EBP1|MAPK1|ITGA4|RPS6|IKBKB|RPTOR|CCNE2|HSP90AB1|IFNAR2|PDPK1|HSP90AA1|GSK3B|PKN1|IKBKG|TSC1,1.5874999762
WP_PLEURAL_MESOTHELIOMA,13.7,0.0089108911,MOB1B|RPS6KA1|PAK2|NDRG1|ITPR3|NFKB1|EIF4B|RAF1|PAK1|MAPK3|HCFC1|MAP4K1|ATF2|MEF2D|MAP2K2|STAT1|CDK7|RPS6KA3|AKT1S1|PRKAB1|JUN|TSC2|PAK4|TNIK|BRCA1|EIF4G1|MAP4K4|CIT|SOS1|HMGB1|EIF4EBP1|MAPK1|CSNK2B|SETD2|ITGA4|RPS6|ACTA1|LIMD1|NF2|MINK1|MAP3K2|BAP1|RPTOR|CSNK1E|RB1CC1|SETDB1|HMGN1|UHRF1|MAP3K1|CD44|CHD8|GSK3B|E2F1|MAP3K3|SRC|EZH2|MAPK14|MAP3K4|TSC1|FOXO1,3.6926000118
WP_PRADER_WILLI_AND_ANGELMAN_SYNDROME,16.7,0.2246993988,TPR|NUP98|NUP210|NUP50|RB1|NUP214|RANBP2|NUP93|NUP153|NUP35|NUP88|NUP107|AHCTF1|HERC2|NUP155|E2F1|NUP160|PCM1,1.8732000589
WP_PRIMARY_OVARIAN_INSUFFICIENCY,11,0.8937885254,LMNA|TSC2|WDR62|EIF4ENIF1|BRCA1|KHDRBS1|NUP107|HARS2|WRN|NBN|XRCC6|SIRT1|PDPK1|RECQL4|PGRMC1|NOTCH2|EIF2B4|EIF2B5|FOXO1,-0.2565000057
WP_PROLACTIN_SIGNALING_PATHWAY,28.4,0.004875,PXN|FLNA|AGAP2|NFKB1|RAF1|PAK1|MAPK3|FYN|MAP2K2|STAT1|JUN|STAT5A|SOS1|EIF4EBP1|STAT3|MAPK1|RPS6|GSK3B|IRS2|SRC|MAPK14,5.0724000931
WP_RAC1_PAK1_P38_MMP2_PATHWAY,25,0.004875,STMN1|PXN|NCK1|BAD|NFKB1|PAK1|MAPK3|STAT5A|SOS1|EIF4EBP1|STAT3|MAPK1|IKBKB|IKBKG|SRC|MAPK14|FOXO1,4.2286000252
WP_RANKL_RANK_SIGNALING_PATHWAY,28,0.1226415094,NFKB1|SQSTM1|MAPK3|RELB|STAT1|JUN|MAPK1|MAP3K7|LYN|IKBKB|IKBKG|SRC|MAPK14|TNFRSF11A,2.3455998898
WP_RAS_SIGNALING,13,0.004875,RASAL3|PAK2|BAD|NFKB1|RAF1|LAT|PAK1|MAPK3|STK4|MAP2K2|PAK4|NF1|ABL2|SOS1|PRKCA|KSR1|MAPK1|TIAM1|IKBKB|RRAS2|RALBP1|IKBKG|BRAP|PRKACA,5.3330998421
WP_REGULATION_OF_ACTIN_CYTOSKELETON,18.7,0.004875,PXN|PPP1R12A|ARHGAP35|PAK2|ARHGEF1|RAF1|BRAF|PAK1|MAPK3|ARHGEF6|SLC9A1|WASF2|MAP2K2|PAK4|LIMK1|CFL1|SSH1|PIK3C2A|SOS1|DIAPH1|IQGAP1|MAPK1|ABI2|WAS|MSN|GIT1|SSH2|RRAS2,5.0068001747
WP_REGULATORY_CIRCUITS_OF_THE_STAT3_SIGNALING_PATHWAY,19.2,0.004875,STMN1|TRIM28|MAPK3|AKT1S1|CREBBP|JAK3|STAT3|MAPK1|PTPRC|RICTOR|RPTOR|IFNAR2|SRC|IL10RB|MAPK14,4.4032001495
WP_RETINOBLASTOMA_GENE_IN_CANCER,31.5,0.8214055448,STMN1|DNMT1|KIF4A|POLA1|RAF1|RB1|ORC1|TTK|RRM2|HDAC1|HMGB1|TOP2A|CDK1|TFDP1|SIN3A|MCM4|SUV39H1|CCNE2|WEE1|CCDC6|MSH6|E2F1|SMC3|FAF1|SMARCA2|POLD3|PRKDC|CCNB2,0.3831999898
WP_RETT_SYNDROME_CAUSING_GENES,25,0.6681135753,TRRAP|SMARCA4|BRAF|NCOR2|CHD4|HDAC1|NCOR1|SYNE2|MECP2|SMARCA2|IMPDH2|HTT,-0.6908000112
WP_ROLE_OF_HYPOXIA_ANGIOGENESIS_AND_FGF_PATHWAY_IN_OA_CHONDROCYTE_HYPERTROPHY,20,0.004875,JUND|NFKB1|MAPK3|RELB|FOSL2|JUN|PRKCA|STAT3|MAPK1|ARNT,4.7108998299
WP_SARS_COV_2_INNATE_IMMUNITY_EVASION_AND_CELL_SPECIFIC_IMMUNE_RESPONSE,15.2,0.1873527101,MAVS|LAG3|NUP98|NFKB1|STAT1|LARP1|EP300|IFNAR2|TRIM25|BSG,1.9636000395
WP_SEROTONIN_HTR1_GROUP_AND_FOS_PATHWAY,29.7,0.2163288397,BRAF|MAPK3|ITPR1|MAP2K2|ELK4|STAT3|MAPK1|MAP3K1|PDPK1|MAPK14|SRF,1.859400034
WP_SMITH_MAGENIS_AND_POTOCKI_LUPSKI_SYNDROME_COPY_NUMBER_VARIATION,15.1,0.0159070052,PPP1R12A|GPS1|MPRIP|ALKBH5|NFKB1|FHOD1|TFEB|PRKAB1|JUN|COPS5|RAB8A|FLII|LIMK1|USP8|STAT3|CDK1|LDHA|WDR26|RPTOR|RB1CC1|DENR|RAI1|FLCN|TFE3,3.4946000576
WP_STEROL_REGULATORY_ELEMENT_BINDING_PROTEINS_SREBP_SIGNALING,15.9,0.9145945946,ACLY|PRKAB1|HMGCS1|FASN|MVD|NFYA|SEC31A|MED15|SIRT1|MDH1|PRKACA,-0.2055000067
WP_SUDDEN_INFANT_DEATH_SYNDROME_SIDS_SUSCEPTIBILITY_PATHWAYS,12.6,0.3071463296,NFKB1|RUNX3|MBD1|GAPDH|JUN|HDAC1|HADHA|CREBBP|GATA3|SPTBN1|EP300|NFYA|MECP2|DEAF1|YBX1|CC2D1A|PRKACA|PRKAR1B|PRKAR1A|HSPD1,-1.5164999962
WP_SYNAPTIC_SIGNALING_PATHWAYS_ASSOCIATED_WITH_AUTISM_SPECTRUM_DISORDER,20,0.9454674802,MAPK3|PRKAB1|TSC2|NF1|EIF4EBP1|MAPK1|RPTOR|CAMK4|GSK3B|TSC1,-0.1503999978
WP_TAR_SYNDROME,19,0.2208435691,CD247|NFKB1|LCK|SLK|CD3D|MTA1|STAT3|PEX19|AKAP10|SIRT1|EIF4A3|BRF1,1.9522999525
WP_TGF_BETA_SIGNALING_PATHWAY,26.5,0.4482758621,PAK2|JUND|RAF1|RBL1|NUP214|MAP4K1|ATF2|MAP2K2|JUN|HDAC1|COPS5|NUP153|RBL2|CREBBP|SNW1|ZEB1|SOS1|DCP1A|CDK1|MAPK1|TFDP1|MAP3K7|SIN3A|SPTBN1|EP300|SNIP1|PML|DAB2|PIAS1|SRC|MAPK14|MEF2A|NEDD4L|CCNB2|STAMBPL1,-1.1621999741
WP_TH17_CELL_DIFFERENTIATION_PATHWAY,29,0.004875,PRKCQ|CD247|CD3E|NFKB1|LCK|LAT|STAT1|NFIL3|JUN|STAT5A|CD3G|CD3D|STAT3|MAPK1|GATA3|IKBKB|TBX21|HSP90AA1|RUNX1|MAPK14,4.5928001404
WP_THERMOGENESIS,19.4,0.4755288158,RPS6KA1|SMARCA4|ARID1A|ATF2|RPS6KA3|AKT1S1|KDM3A|PRKAB1|TSC2|SOS1|RPS6|RPTOR|SMARCD2|SMARCC1|ACTL6A|SMARCC2|MAPK14|PRKACA|SMARCA2|SIRT6|TSC1,-1.0561000109
WP_THYMIC_STROMAL_LYMPHOPOIETIN_TSLP_SIGNALING_PATHWAY,42.5,0.004875,NFKB1|LCK|MAPK3|STAT4|FYN|MAP2K2|RELB|STAT1|PI4K2A|STAT5A|EIF4EBP1|STAT3|MAPK1|RPS6|LYN|SRC|MAPK14,4.358399868
WP_THYROID_HORMONES_PRODUCTION_AND_PERIPHERAL_DOWNSTREAM_SIGNALING_EFFECTS,18.3,0.4300807818,BAD|RAF1|ATF2|AKT1S1|TSC2|SOS1|MAPK1|TBC1D4|RPS6|RPTOR|GSK3B|SRC|MAPK14|PRKACA|SIRT6|TSC1|FOXO1,-1.1888999939
WP_THYROID_STIMULATING_HORMONE_TSH_SIGNALING_PATHWAY,24.1,0.0657758173,RPS6KA1|SCRIB|RAF1|BRAF|MAPK3|RB1|STAT1|RBL2|STAT3|MAPK1|RPS6|PDPK1|SRC|MAPK14,2.8935000896
WP_TNF_ALPHA_SIGNALING_PATHWAY,22.5,0.1472148541,MADD|BAD|NFKB1|RAF1|MAPK3|JUN|RIPK3|CREBBP|SOS1|KSR1|MAPK1|PSMD2|MAP3K7|IKBKB|MAP3K1|HSP90AA1|MAP3K8|IKBKG|MAP3K3|PTPRCAP,2.242399931
WP_TNF_RELATED_WEAK_INDUCER_OF_APOPTOSIS_TWEAK_SIGNALING_PATHWAY,28.9,0.0335564054,NFKB1|RAF1|MAPK3|RELB|JUN|HDAC1|MAPK1|MAP3K7|IKBKB|GSK3B|MAPK14,3.1610999107
WP_TOLL_LIKE_RECEPTOR_SIGNALING_PATHWAY,12.6,0.0390884143,NFKB1|MAPK3|IKBKE|MAP2K2|STAT1|JUN|MAPK1|MAP3K7|IKBKB|IFNAR2|MAP3K8|IKBKG|MAPK14,3.1846001148
WP_TRANSLATION_FACTORS,42,0.1769434353,EIF4B|EIF4H|EIF3B|EIF3E|EIF3J|EIF3H|EIF4G1|EEF2|EIF4EBP1|EEF1B2|EIF3G|EIF4EBP2|EEF2K|ETF1|EIF5B|EIF2AK2|EIF2B4|EEF1D|EIF2B5|EIF4G3|EIF3F,-2.0708999634
WP_TRANSLATION_INHIBITORS_IN_CHRONICALLY_ACTIVATED_PDGFRA_CELLS,34.8,0.230700976,RPS6KA1|EIF4B|MAPK3|PDCD4|MAP2K2|EIF4G1|PRKCD|PRKCA|EIF4EBP1|MAPK1|RPS6|RPTOR|RPS6KA4|MAPK14|PRKACA|EIF4G3,1.8796000481
WP_TROP2_REGULATORY_SIGNALING,22.2,0.004875,VIM|NFKB1|RB1|STAT1|JUN|PAK4|PRKCD|PRKCA|IGF2R|SRC,5.2245001793
WP_TYROBP_CAUSAL_NETWORK_IN_MICROGLIA,20,0.6312217195,BIN2|APBB1IP|RPS6KA1|PPP1R18|RUNX3|STAT5A|FKBP15|ELF4|SAMSN1|ABCC4|SLC1A5|HCLS1,0.7286000252
WP_T_CELL_ACTIVATION_SARS_COV_2,35.2,0.004875,GRAP2|PRKCQ|CD247|CD3E|NFKB1|LCK|RAF1|LAT|MAPK3|ITPR1|STAT4|FYN|MAP2K2|JUN|TSC2|CD3G|CD3D|IRF2BPL|SOS1|MAPK1|PTPRC|RICTOR|IKBKB|RPTOR|IFNAR2|CARD11|PDPK1|GSK3B|IKBKG|LCP2|TSC1,5.5499000549
WP_T_CELL_ANTIGEN_RECEPTOR_TCR_PATHWAY_DURING_STAPHYLOCOCCUS_AUREUS_INFECTION,38.7,0.004875,GRAP2|PRKCQ|CD8A|NCK1|NFATC2|NFKB1|LCK|RAF1|LAT|PAK1|MAPK3|FYN|MAP2K2|JUN|CD3D|SOS1|PTPRC|MAP3K7|IKBKB|CARD11|GSK3B|MAP3K8|IKBKG|LCP2,5.2116999626
WP_T_CELL_RECEPTOR_SIGNALING_PATHWAY,49.3,0.004875,GRAP2|PRKCQ|CD247|CD8A|DBNL|NCK1|NFATC2|CD3E|NFKB1|LCK|RAF1|LAT|PAK1|MAPK3|ITPR1|CBLB|FYN|MAP4K1|ATF2|MAP2K2|PTK2B|JUN|CD3G|CD3D|PRKCD|SOS1|MAPK1|MAP3K7|WAS|IKBKB|CARD11|PDPK1|MAP3K8|IKBKG|MAPK14|LCP2|PSTPIP1,6.5248999596
WP_UROTENSIN_II_MEDIATED_SIGNALING_PATHWAY,18.8,0.7925272913,NFKB1|MAPK3|CREBBP|STAT3|CDK1|MAPK1|HMOX1|NCF4|EP300|IKBKB|GSK3B|MAPK14|PRKACA,0.4296999872
WP_VEGFA_VEGFR2_SIGNALING,19.3,0.0257468229,PXN|NCK1|PAK2|NDRG1|DOK1|NFATC2|RAPGEF1|NFKB1|PRKD2|RAF1|HDAC7|PAK1|EPS15|PRKRA|MAPK3|PPP1CA|FHOD1|PRRC2C|UBAP2L|FYN|ATF2|MAP2K2|STAT1|ARPC5L|GAPDH|HSPB1|PTK2B|AKT1S1|JUN|HDAC1|TUBA1C|EIF3H|HDAC4|NCL|EIF4G1|FLII|CREBBP|BIN1|LIMK1|CFL1|SYNJ1|PRKCD|HMGB1|IQGAP1|PRKCA|STAT3|SH2D2A|NAP1L1|MAPK1|RICTOR|GIGYF2|PBK|RPS6|RPLP2|EPB41|LDHA|RPL18A|LRRFIP2|ARNT|RBM39|CAMKK2|MYO1C|FXR2|PDPK1|HSP90AA1|GSK3B|BRD4|SET|SRC|MAPK14|FAF1|EIF2A|PGK1|SMARCA2|SRF|BSG|TKT|USP10|EIF3F|MYH9|FOXO1|LARP7|EIF4G2,3.3552000523
WP_WNT_SIGNALING_PATHWAY,21.3,0.961348563,NFATC2|PI4K2A|TSC2|BCL9|PRKCA|MAPK1|MAP3K7|CSNK1E|GSK3B|TSC1,0.1105000004
WP_WNT_SIGNALING_PATHWAY_AND_PLURIPOTENCY,11.9,0.0669596321,PRKCQ|JUN|CREBBP|PRKCD|PRKCA|MAP3K7|PRKCH|EP300|CSNK1E|NFYA|CD44|GSK3B,2.7957000732